-0.6618,-1.146,1.7987,1.3125,-0.64459,0.19787
-0.59836,-1.146,1.7987,1.3125,-0.64459,0.052917
-0.51906,-1.146,1.7987,1.3125,-0.64459,0.16163
-0.40804,-1.146,1.7987,1.3125,-0.64459,0.39936
-0.28116,-1.146,1.7987,1.3125,-0.64459,0.38052
-0.12256,-1.146,1.7987,1.3125,-0.64459,0.10655
0.08362,-1.146,1.7987,1.3125,-0.64459,0.052917
0.35324,-1.146,1.7987,1.3125,-0.64459,-0.25729
0.67044,-1.146,1.7987,1.3125,-0.64459,-0.51241
1.0828,-1.146,1.7987,1.3125,-0.64459,-0.76753
1.622,-1.146,1.7987,1.3125,-0.64459,-1.114
2.2564,-1.146,1.7987,1.3125,-0.64459,-1.3691
3.0495,-1.146,1.7987,1.3125,-0.64459,-1.8257
4.1597,-1.146,1.7987,1.3125,-0.64459,-2.336
-0.75696,-1.146,1.7987,0.29791,-0.63186,0.22904
-0.71573,-1.146,1.7987,0.29791,-0.63186,0.41458
-0.6618,-1.146,1.7987,0.29791,-0.63186,0.47111
-0.59836,-1.146,1.7987,0.29791,-0.63186,0.30876
-0.51906,-1.146,1.7987,0.29791,-0.63186,0.1812
-0.40804,-1.146,1.7987,0.29791,-0.63186,0.31166
-0.28116,-1.146,1.7987,0.29791,-0.63186,0.25803
-0.12256,-1.146,1.7987,0.29791,-0.63186,-0.10581
0.08362,-1.146,1.7987,0.29791,-0.63186,-0.23192
0.35324,-1.146,1.7987,0.29791,-0.63186,-0.54068
0.67044,-1.146,1.7987,0.29791,-0.63186,-0.75811
1.0828,-1.146,1.7987,0.29791,-0.63186,-0.99439
1.622,-1.146,1.7987,0.29791,-0.63186,-1.2118
2.2564,-1.146,1.7987,0.29791,-0.63186,-1.7047
3.0495,-1.146,1.7987,0.29791,-0.63186,-1.9946
-0.85212,-1.146,1.7987,-0.7231,-0.61128,-0.97221
-0.83626,-1.146,1.7987,-0.7231,-0.61128,-0.79971
-0.81565,-1.146,1.7987,-0.7231,-0.61128,-0.29817
-0.78868,-1.146,1.7987,-0.7231,-0.61128,-0.0039055
-0.75696,-1.146,1.7987,-0.7231,-0.61128,0.30775
-0.71573,-1.146,1.7987,-0.7231,-0.61128,0.54983
-0.6618,-1.146,1.7987,-0.7231,-0.61128,0.61795
-0.59836,-1.146,1.7987,-0.7231,-0.61128,0.44401
-0.51906,-1.146,1.7987,-0.7231,-0.61128,0.096114
-0.40804,-1.146,1.7987,-0.7231,-0.61128,-0.11407
-0.28116,-1.146,1.7987,-0.7231,-0.61128,-0.16626
-0.12256,-1.146,1.7987,-0.7231,-0.61128,-0.4982
0.08362,-1.146,1.7987,-0.7231,-0.61128,-0.65476
0.35324,-1.146,1.7987,-0.7231,-0.61128,-0.81276
0.67044,-1.146,1.7987,-0.7231,-0.61128,-1.0215
1.0828,-1.146,1.7987,-0.7231,-0.61128,-1.2476
1.622,-1.146,1.7987,-0.7231,-0.61128,-1.4578
2.2564,-1.146,1.7987,-0.7231,-0.61128,-1.8405
3.0495,-1.146,1.7987,-0.7231,-0.61128,-2.2058
-0.85212,-1.146,1.7987,-1.2304,-0.59522,-1.1076
-0.83626,-1.146,1.7987,-1.2304,-0.59522,-0.90466
-0.81565,-1.146,1.7987,-1.2304,-0.59522,-0.3002
-0.78868,-1.146,1.7987,-1.2304,-0.59522,0.030304
-0.75696,-1.146,1.7987,-1.2304,-0.59522,0.35935
-0.71573,-1.146,1.7987,-1.2304,-0.59522,0.61737
-0.6618,-1.146,1.7987,-1.2304,-0.59522,0.63767
-0.59836,-1.146,1.7987,-1.2304,-0.59522,0.3666
-0.51906,-1.146,1.7987,-1.2304,-0.59522,-0.069715
-0.40804,-1.146,1.7987,-1.2304,-0.59522,-0.35818
-0.28116,-1.146,1.7987,-1.2304,-0.59522,-0.35673
-0.12256,-1.146,1.7987,-1.2304,-0.59522,-0.59156
0.08362,-1.146,1.7987,-1.2304,-0.59522,-0.82638
0.35324,-1.146,1.7987,-1.2304,-0.59522,-0.96989
0.67044,-1.146,1.7987,-1.2304,-0.59522,-1.3323
1.0828,-1.146,1.7987,-1.2304,-0.59522,-1.6033
1.622,-1.146,1.7987,-1.2304,-0.59522,-2.0759
2.2564,-1.146,1.7987,-1.2304,-0.59522,-2.4021
-0.6618,-0.89256,1.7987,1.3125,-0.59106,0.33138
-0.59836,-0.89256,1.7987,1.3125,-0.59106,0.16758
-0.51906,-0.89256,1.7987,1.3125,-0.59106,0.15018
-0.40804,-0.89256,1.7987,1.3125,-0.59106,0.26035
-0.28116,-0.89256,1.7987,1.3125,-0.59106,0.2618
-0.12256,-0.89256,1.7987,1.3125,-0.59106,-0.046957
0.08362,-0.89256,1.7987,1.3125,-0.59106,-0.20931
0.35324,-0.89256,1.7987,1.3125,-0.59106,-0.44559
0.67044,-0.89256,1.7987,1.3125,-0.59106,-0.75434
1.0828,-0.89256,1.7987,1.3125,-0.59106,-0.97322
1.622,-0.89256,1.7987,1.3125,-0.59106,-1.3719
2.2564,-0.89256,1.7987,1.3125,-0.59106,-1.6444
3.0495,-0.89256,1.7987,1.3125,-0.59106,-2.2633
4.1597,-0.89256,1.7987,1.3125,-0.59106,-2.646
-0.81565,-0.89256,1.7987,-0.7231,-0.54895,-0.43268
-0.78868,-0.89256,1.7987,-0.7231,-0.54895,-0.12103
-0.75696,-0.89256,1.7987,-0.7231,-0.54895,0.26455
-0.71573,-0.89256,1.7987,-0.7231,-0.54895,0.50373
-0.6618,-0.89256,1.7987,-0.7231,-0.54895,0.57911
-0.59836,-0.89256,1.7987,-0.7231,-0.54895,0.39791
-0.51906,-0.89256,1.7987,-0.7231,-0.54895,0.054367
-0.40804,-0.89256,1.7987,-0.7231,-0.54895,-0.3805
-0.28116,-0.89256,1.7987,-0.7231,-0.54895,-0.39645
-0.12256,-0.89256,1.7987,-0.7231,-0.54895,-0.5588
0.08362,-0.89256,1.7987,-0.7231,-0.54895,-0.82986
0.35324,-0.89256,1.7987,-0.7231,-0.54895,-1.0285
0.67044,-0.89256,1.7987,-0.7231,-0.54895,-1.2459
1.0828,-0.89256,1.7987,-0.7231,-0.54895,-1.4619
1.622,-0.89256,1.7987,-0.7231,-0.54895,-1.8243
2.2564,-0.89256,1.7987,-0.7231,-0.54895,-2.2968
3.0495,-0.89256,1.7987,-0.7231,-0.54895,-2.7143
-0.78868,-0.6391,1.7987,1.3125,-0.52338,0.39545
-0.75696,-0.6391,1.7987,1.3125,-0.52338,0.52446
-0.71573,-0.6391,1.7987,1.3125,-0.52338,0.65492
-0.6618,-0.6391,1.7987,1.3125,-0.52338,0.67521
-0.59836,-0.6391,1.7987,1.3125,-0.52338,0.60418
-0.51906,-0.6391,1.7987,1.3125,-0.52338,0.40559
-0.40804,-0.6391,1.7987,1.3125,-0.52338,0.24324
-0.28116,-0.6391,1.7987,1.3125,-0.52338,0.099738
-0.12256,-0.6391,1.7987,1.3125,-0.52338,-0.1177
0.08362,-0.6391,1.7987,1.3125,-0.52338,-0.48153
0.35324,-0.6391,1.7987,1.3125,-0.52338,-0.66273
0.67044,-0.6391,1.7987,1.3125,-0.52338,-0.97149
1.0828,-0.6391,1.7987,1.3125,-0.52338,-1.2614
1.622,-0.6391,1.7987,1.3125,-0.52338,-1.4788
2.2564,-0.6391,1.7987,1.3125,-0.52338,-2.1181
-0.78868,-0.6391,1.7987,0.29791,-0.50303,0.19178
-0.75696,-0.6391,1.7987,0.29791,-0.50303,0.4846
-0.71573,-0.6391,1.7987,0.29791,-0.50303,0.68608
-0.6618,-0.6391,1.7987,0.29791,-0.50303,0.74117
-0.59836,-0.6391,1.7987,0.29791,-0.50303,0.65129
-0.51906,-0.6391,1.7987,0.29791,-0.50303,0.36138
-0.40804,-0.6391,1.7987,0.29791,-0.50303,-0.057539
-0.28116,-0.6391,1.7987,0.29791,-0.50303,-0.25613
-0.12256,-0.6391,1.7987,0.29791,-0.50303,-0.34745
0.08362,-0.6391,1.7987,0.29791,-0.50303,-0.6736
0.35324,-0.6391,1.7987,0.29791,-0.50303,-0.89103
0.67044,-0.6391,1.7987,0.29791,-0.50303,-1.0911
1.0828,-0.6391,1.7987,0.29791,-0.50303,-1.3274
1.622,-0.6391,1.7987,0.29791,-0.50303,-1.5999
2.2564,-0.6391,1.7987,0.29791,-0.50303,-1.8361
-0.81565,-0.6391,1.7987,-0.7231,-0.47014,-0.2209
-0.78868,-0.6391,1.7987,-0.7231,-0.47014,0.0922
-0.75696,-0.6391,1.7987,-0.7231,-0.47014,0.4053
-0.71573,-0.6391,1.7987,-0.7231,-0.47014,0.64593
-0.6618,-0.6391,1.7987,-0.7231,-0.47014,0.68362
-0.59836,-0.6391,1.7987,-0.7231,-0.47014,0.50387
-0.51906,-0.6391,1.7987,-0.7231,-0.47014,0.14004
-0.40804,-0.6391,1.7987,-0.7231,-0.47014,-0.29773
-0.28116,-0.6391,1.7987,-0.7231,-0.47014,-0.62388
-0.12256,-0.6391,1.7987,-0.7231,-0.47014,-0.67751
0.08362,-0.6391,1.7987,-0.7231,-0.47014,-0.85726
0.35324,-0.6391,1.7987,-0.7231,-0.47014,-1.166
0.67044,-0.6391,1.7987,-0.7231,-0.47014,-1.311
1.0828,-0.6391,1.7987,-0.7231,-0.47014,-1.5646
1.622,-0.6391,1.7987,-0.7231,-0.47014,-2.056
-0.81565,-0.6391,1.7987,-1.2304,-0.44446,-0.24903
-0.78868,-0.6391,1.7987,-1.2304,-0.44446,0.081473
-0.75696,-0.6391,1.7987,-1.2304,-0.44446,0.39313
-0.71573,-0.6391,1.7987,-1.2304,-0.44446,0.55983
-0.6618,-0.6391,1.7987,-1.2304,-0.44446,0.56128
-0.59836,-0.6391,1.7987,-1.2304,-0.44446,0.29021
-0.51906,-0.6391,1.7987,-1.2304,-0.44446,0.00029821
-0.40804,-0.6391,1.7987,-1.2304,-0.44446,-0.39833
-0.28116,-0.6391,1.7987,-1.2304,-0.44446,-0.68824
-0.12256,-0.6391,1.7987,-1.2304,-0.44446,-0.75927
0.08362,-0.6391,1.7987,-1.2304,-0.44446,-0.97525
0.35324,-0.6391,1.7987,-1.2304,-0.44446,-1.3376
0.67044,-0.6391,1.7987,-1.2304,-0.44446,-1.5913
1.0828,-0.6391,1.7987,-1.2304,-0.44446,-2.1914
-0.83626,-0.47013,1.7987,1.3125,-0.4686,0.22599
-0.81565,-0.47013,1.7987,1.3125,-0.4686,0.48402
-0.78868,-0.47013,1.7987,1.3125,-0.4686,0.68695
-0.75696,-0.47013,1.7987,1.3125,-0.4686,0.8522
-0.71573,-0.47013,1.7987,1.3125,-0.4686,0.98266
-0.6618,-0.47013,1.7987,1.3125,-0.4686,1.003
-0.59836,-0.47013,1.7987,1.3125,-0.4686,0.89569
-0.51906,-0.47013,1.7987,1.3125,-0.4686,0.66086
-0.40804,-0.47013,1.7987,1.3125,-0.4686,0.26223
-0.28116,-0.47013,1.7987,1.3125,-0.4686,-0.063917
-0.12256,-0.47013,1.7987,1.3125,-0.4686,-0.15379
0.08362,-0.47013,1.7987,1.3125,-0.4686,-0.4437
0.35324,-0.47013,1.7987,1.3125,-0.4686,-0.7684
0.67044,-0.47013,1.7987,1.3125,-0.4686,-1.0221
1.0828,-0.47013,1.7987,1.3125,-0.4686,-1.2569
1.622,-0.47013,1.7987,1.3125,-0.4686,-1.6193
2.2564,-0.47013,1.7987,1.3125,-0.4686,-2.0194
3.0495,-0.47013,1.7987,1.3125,-0.4686,-2.5267
-0.83626,-0.47013,1.7987,-0.7231,-0.40634,-0.18742
-0.81565,-0.47013,1.7987,-0.7231,-0.40634,0.29093
-0.78868,-0.47013,1.7987,-0.7231,-0.40634,0.55041
-0.75696,-0.47013,1.7987,-0.7231,-0.40634,0.77364
-0.71573,-0.47013,1.7987,-0.7231,-0.40634,0.9041
-0.6618,-0.47013,1.7987,-0.7231,-0.40634,0.85336
-0.59836,-0.47013,1.7987,-0.7231,-0.40634,0.56345
-0.51906,-0.47013,1.7987,-0.7231,-0.40634,0.21846
-0.40804,-0.47013,1.7987,-0.7231,-0.40634,-0.23525
-0.28116,-0.47013,1.7987,-0.7231,-0.40634,-0.56141
-0.12256,-0.47013,1.7987,-0.7231,-0.40634,-0.66722
0.08362,-0.47013,1.7987,-0.7231,-0.40634,-0.88321
0.35324,-0.47013,1.7987,-0.7231,-0.40634,-1.3007
0.67044,-0.47013,1.7987,-0.7231,-0.40634,-1.6094
-0.51906,-1.146,0.98408,1.3125,-0.68413,0.47952
-0.40804,-1.146,0.98408,1.3125,-0.68413,0.62303
-0.28116,-1.146,0.98408,1.3125,-0.68413,0.49402
-0.12256,-1.146,0.98408,1.3125,-0.68413,0.50996
0.08362,-1.146,0.98408,1.3125,-0.68413,0.43459
0.35324,-1.146,0.98408,1.3125,-0.68413,0.14322
0.67044,-1.146,0.98408,1.3125,-0.68413,-0.077108
1.0828,-1.146,0.98408,1.3125,-0.68413,-0.40471
1.622,-1.146,0.98408,1.3125,-0.68413,-0.98743
2.2564,-1.146,0.98408,1.3125,-0.68413,-0.97149
3.0495,-1.146,0.98408,1.3125,-0.68413,-1.0454
4.1597,-1.146,0.98408,1.3125,-0.68413,-1.4281
5.4285,-1.146,0.98408,1.3125,-0.68413,-1.502
-0.81565,-1.146,0.98408,0.29791,-0.67273,-0.76768
-0.78868,-1.146,0.98408,0.29791,-0.67273,-0.46037
-0.75696,-1.146,0.98408,0.29791,-0.67273,-0.15306
-0.71573,-1.146,0.98408,0.29791,-0.67273,0.19193
-0.6618,-1.146,0.98408,0.29791,-0.67273,0.39052
-0.59836,-1.146,0.98408,0.29791,-0.67273,0.50069
-0.51906,-1.146,0.98408,0.29791,-0.67273,0.4456
-0.40804,-1.146,0.98408,0.29791,-0.67273,0.28325
-0.28116,-1.146,0.98408,0.29791,-0.67273,0.24701
-0.12256,-1.146,0.98408,0.29791,-0.67273,0.24701
0.08362,-1.146,0.98408,0.29791,-0.67273,0.046974
0.35324,-1.146,0.98408,0.29791,-0.67273,-0.2067
0.67044,-1.146,0.98408,0.29791,-0.67273,-0.35165
1.0828,-1.146,0.98408,0.29791,-0.67273,-0.93148
-0.81565,-1.146,0.98408,-0.7231,-0.65434,-0.54807
-0.78868,-1.146,0.98408,-0.7231,-0.65434,-0.18423
-0.75696,-1.146,0.98408,-0.7231,-0.65434,0.197
-0.71573,-1.146,0.98408,-0.7231,-0.65434,0.56084
-0.6618,-1.146,0.98408,-0.7231,-0.65434,0.77828
-0.59836,-1.146,0.98408,-0.7231,-0.65434,0.81162
-0.51906,-1.146,0.98408,-0.7231,-0.65434,0.66086
-0.40804,-1.146,0.98408,-0.7231,-0.65434,0.32746
-0.28116,-1.146,0.98408,-0.7231,-0.65434,0.067993
-0.12256,-1.146,0.98408,-0.7231,-0.65434,0.027405
0.08362,-1.146,0.98408,-0.7231,-0.65434,-0.030577
0.35324,-1.146,0.98408,-0.7231,-0.65434,-0.19873
0.67044,-1.146,0.98408,-0.7231,-0.65434,-0.38572
1.0828,-1.146,0.98408,-0.7231,-0.65434,-1.0685
-0.81565,-1.146,0.98408,-1.2304,-0.63999,-0.61475
-0.78868,-1.146,0.98408,-1.2304,-0.63999,-0.17408
-0.75696,-1.146,0.98408,-1.2304,-0.63999,0.26658
-0.71573,-1.146,0.98408,-1.2304,-0.63999,0.67101
-0.6618,-1.146,0.98408,-1.2304,-0.63999,0.85365
-0.59836,-1.146,0.98408,-1.2304,-0.63999,0.83481
-0.51906,-1.146,0.98408,-1.2304,-0.63999,0.57534
-0.40804,-1.146,0.98408,-1.2304,-0.63999,0.11438
-0.28116,-1.146,0.98408,-1.2304,-0.63999,-0.20018
-0.12256,-1.146,0.98408,-1.2304,-0.63999,-0.20163
0.08362,-1.146,0.98408,-1.2304,-0.63999,-0.20163
0.35324,-1.146,0.98408,-1.2304,-0.63999,-0.40601
0.67044,-1.146,0.98408,-1.2304,-0.63999,-0.6278
1.0828,-1.146,0.98408,-1.2304,-0.63999,-1.1627
-0.78868,-0.80808,0.98408,1.3125,-0.62429,0.040596
-0.75696,-0.80808,0.98408,1.3125,-0.62429,0.23919
-0.71573,-0.80808,0.98408,1.3125,-0.62429,0.3653
-0.6618,-0.80808,0.98408,1.3125,-0.62429,0.48996
-0.59836,-0.80808,0.98408,1.3125,-0.62429,0.59723
-0.51906,-0.80808,0.98408,1.3125,-0.62429,0.57693
-0.40804,-0.80808,0.98408,1.3125,-0.62429,0.42908
-0.28116,-0.80808,0.98408,1.3125,-0.62429,0.29862
-0.12256,-0.80808,0.98408,1.3125,-0.62429,0.31456
0.08362,-0.80808,0.98408,1.3125,-0.62429,0.18555
0.35324,-0.80808,0.98408,1.3125,-0.62429,-0.10871
0.67044,-0.80808,0.98408,1.3125,-0.62429,-0.2928
1.0828,-0.80808,0.98408,1.3125,-0.62429,-0.58706
1.622,-0.80808,0.98408,1.3125,-0.62429,-1.2814
2.2564,-0.80808,0.98408,1.3125,-0.62429,-1.7032
-0.78868,-0.80808,0.98408,0.29791,-0.60871,-0.36876
-0.75696,-0.80808,0.98408,0.29791,-0.60871,-0.020865
-0.71573,-0.80808,0.98408,0.29791,-0.60871,0.29079
-0.6618,-0.80808,0.98408,0.29791,-0.60871,0.52997
-0.59836,-0.80808,0.98408,0.29791,-0.60871,0.60389
-0.51906,-0.80808,0.98408,0.29791,-0.60871,0.5691
-0.40804,-0.80808,0.98408,0.29791,-0.60871,0.27774
-0.28116,-0.80808,0.98408,0.29791,-0.60871,-0.032462
-0.12256,-0.80808,0.98408,0.29791,-0.60871,-0.14118
0.08362,-0.80808,0.98408,0.29791,-0.60871,-0.15857
0.35324,-0.80808,0.98408,0.29791,-0.60871,-0.37746
0.67044,-0.80808,0.98408,0.29791,-0.60871,-0.63258
1.0828,-0.80808,0.98408,0.29791,-0.60871,-0.8877
-0.81565,-0.80808,0.98408,-0.7231,-0.58357,-0.68114
-0.78868,-0.80808,0.98408,-0.7231,-0.58357,-0.38978
-0.75696,-0.80808,0.98408,-0.7231,-0.58357,0.046539
-0.71573,-0.80808,0.98408,-0.7231,-0.58357,0.37414
-0.6618,-0.80808,0.98408,-0.7231,-0.58357,0.60897
-0.59836,-0.80808,0.98408,-0.7231,-0.58357,0.62491
-0.51906,-0.80808,0.98408,-0.7231,-0.58357,0.4959
-0.40804,-0.80808,0.98408,-0.7231,-0.58357,0.14511
-0.28116,-0.80808,0.98408,-0.7231,-0.58357,-0.29556
-0.12256,-0.80808,0.98408,-0.7231,-0.58357,-0.49849
0.08362,-0.80808,0.98408,-0.7231,-0.58357,-0.46515
0.35324,-0.80808,0.98408,-0.7231,-0.58357,-0.66809
0.67044,-0.80808,0.98408,-0.7231,-0.58357,-0.87103
1.0828,-0.80808,0.98408,-0.7231,-0.58357,-1.2204
-0.81565,-0.80808,0.98408,-1.2304,-0.56396,-0.67969
-0.78868,-0.80808,0.98408,-1.2304,-0.56396,-0.20568
-0.75696,-0.80808,0.98408,-1.2304,-0.56396,0.26687
-0.71573,-0.80808,0.98408,-1.2304,-0.56396,0.61187
-0.6618,-0.80808,0.98408,-1.2304,-0.56396,0.79306
-0.59836,-0.80808,0.98408,-1.2304,-0.56396,0.79306
-0.51906,-0.80808,0.98408,-1.2304,-0.56396,0.55678
-0.40804,-0.80808,0.98408,-1.2304,-0.56396,0.13931
-0.28116,-0.80808,0.98408,-1.2304,-0.56396,-0.26077
-0.12256,-0.80808,0.98408,-1.2304,-0.56396,-0.49705
0.08362,-0.80808,0.98408,-1.2304,-0.56396,-0.47965
0.35324,-0.80808,0.98408,-1.2304,-0.56396,-0.62461
0.67044,-0.80808,0.98408,-1.2304,-0.56396,-0.95221
1.0828,-0.80808,0.98408,-1.2304,-0.56396,-1.4059
-0.75696,-0.47013,0.98408,1.3125,-0.54249,0.27861
-0.71573,-0.47013,0.98408,1.3125,-0.54249,0.60911
-0.6618,-0.47013,0.98408,1.3125,-0.54249,0.84829
-0.59836,-0.47013,0.98408,1.3125,-0.54249,0.99614
-0.51906,-0.47013,0.98408,1.3125,-0.54249,0.99759
-0.40804,-0.47013,0.98408,1.3125,-0.54249,0.67144
-0.28116,-0.47013,0.98408,1.3125,-0.54249,0.20034
-0.12256,-0.47013,0.98408,1.3125,-0.54249,-0.07218
0.08362,-0.47013,0.98408,1.3125,-0.54249,-0.10552
0.35324,-0.47013,0.98408,1.3125,-0.54249,-0.45051
0.67044,-0.47013,0.98408,1.3125,-0.54249,-0.53894
1.0828,-0.47013,0.98408,1.3125,-0.54249,-0.90133
1.622,-0.47013,0.98408,1.3125,-0.54249,-1.7377
2.2564,-0.47013,0.98408,1.3125,-0.54249,-1.7
3.0495,-0.47013,0.98408,1.3125,-0.54249,-1.5333
4.1597,-0.47013,0.98408,1.3125,-0.54249,-1.7493
5.4285,-0.47013,0.98408,1.3125,-0.54249,-2.203
-0.78868,-0.47013,0.98408,0.29791,-0.52118,-0.22641
-0.75696,-0.47013,0.98408,0.29791,-0.52118,0.35921
-0.71573,-0.47013,0.98408,0.29791,-0.52118,0.74334
-0.6618,-0.47013,0.98408,0.29791,-0.52118,1.0188
-0.59836,-0.47013,0.98408,0.29791,-0.52118,1.0579
-0.51906,-0.47013,0.98408,0.29791,-0.52118,0.93178
-0.40804,-0.47013,0.98408,0.29791,-0.52118,0.49692
-0.28116,-0.47013,0.98408,0.29791,-0.52118,-0.084356
-0.12256,-0.47013,0.98408,0.29791,-0.52118,-0.35542
0.08362,-0.47013,0.98408,0.29791,-0.52118,-0.35397
0.35324,-0.47013,0.98408,0.29791,-0.52118,-0.6062
0.67044,-0.47013,0.98408,0.29791,-0.52118,-0.69607
1.0828,-0.47013,0.98408,0.29791,-0.52118,-1.1135
1.622,-0.47013,0.98408,0.29791,-0.52118,-1.7847
-0.81565,-0.47013,0.98408,-0.7231,-0.48683,-0.37789
-0.78868,-0.47013,0.98408,-0.7231,-0.48683,-0.13871
-0.75696,-0.47013,0.98408,-0.7231,-0.48683,0.31935
-0.71573,-0.47013,0.98408,-0.7231,-0.48683,0.68753
-0.6618,-0.47013,0.98408,-0.7231,-0.48683,0.81654
-0.59836,-0.47013,0.98408,-0.7231,-0.48683,0.74407
-0.51906,-0.47013,0.98408,-0.7231,-0.48683,0.50779
-0.40804,-0.47013,0.98408,-0.7231,-0.48683,0.070022
-0.28116,-0.47013,0.98408,-0.7231,-0.48683,-0.46052
-0.12256,-0.47013,0.98408,-0.7231,-0.48683,-0.75188
0.08362,-0.47013,0.98408,-0.7231,-0.48683,-0.64026
0.35324,-0.47013,0.98408,-0.7231,-0.48683,-0.82291
0.67044,-0.47013,0.98408,-0.7231,-0.48683,-1.0418
1.0828,-0.47013,0.98408,-0.7231,-0.48683,-1.5346
1.622,-0.47013,0.98408,-0.7231,-0.48683,-1.697
-0.83626,-0.47013,0.98408,-1.2304,-0.46001,-0.6736
-0.81565,-0.47013,0.98408,-1.2304,-0.46001,-0.17785
-0.78868,-0.47013,0.98408,-1.2304,-0.46001,0.19034
-0.75696,-0.47013,0.98408,-1.2304,-0.46001,0.59476
-0.71573,-0.47013,0.98408,-1.2304,-0.46001,0.79915
-0.6618,-0.47013,0.98408,-1.2304,-0.46001,0.87453
-0.59836,-0.47013,0.98408,-1.2304,-0.46001,0.72957
-0.51906,-0.47013,0.98408,-1.2304,-0.46001,0.4759
-0.40804,-0.47013,0.98408,-1.2304,-0.46001,0.056976
-0.28116,-0.47013,0.98408,-1.2304,-0.46001,-0.39819
-0.12256,-0.47013,0.98408,-1.2304,-0.46001,-0.6707
0.08362,-0.47013,0.98408,-1.2304,-0.46001,-0.6678
0.35324,-0.47013,0.98408,-1.2304,-0.46001,-0.86639
0.67044,-0.47013,0.98408,-1.2304,-0.46001,-1.2853
1.0828,-0.47013,0.98408,-1.2304,-0.46001,-1.7593
-0.78868,-0.25047,0.98408,1.3125,-0.45213,0.41516
-0.75696,-0.25047,0.98408,1.3125,-0.45213,0.73117
-0.71573,-0.25047,0.98408,1.3125,-0.45213,1.0095
-0.6618,-0.25047,0.98408,1.3125,-0.45213,1.253
-0.59836,-0.25047,0.98408,1.3125,-0.45213,1.3284
-0.51906,-0.25047,0.98408,1.3125,-0.45213,1.2385
-0.40804,-0.25047,0.98408,1.3125,-0.45213,0.81524
-0.28116,-0.25047,0.98408,1.3125,-0.45213,0.15279
-0.12256,-0.25047,0.98408,1.3125,-0.45213,-0.15886
0.08362,-0.25047,0.98408,1.3125,-0.45213,-0.24874
0.35324,-0.25047,0.98408,1.3125,-0.45213,-0.65316
0.67044,-0.25047,0.98408,1.3125,-0.45213,-0.98366
1.0828,-0.25047,0.98408,1.3125,-0.45213,-1.1475
1.622,-0.25047,0.98408,1.3125,-0.45213,-1.4403
2.2564,-0.25047,0.98408,1.3125,-0.45213,-1.9549
-0.83626,-0.25047,0.98408,-0.7231,-0.37996,0.31529
-0.81565,-0.25047,0.98408,-0.7231,-0.37996,0.70377
-0.78868,-0.25047,0.98408,-0.7231,-0.37996,0.92555
-0.75696,-0.25047,0.98408,-0.7231,-0.37996,1.0749
-0.71573,-0.25047,0.98408,-0.7231,-0.37996,1.0401
-0.6618,-0.25047,0.98408,-0.7231,-0.37996,0.67478
-0.59836,-0.25047,0.98408,-0.7231,-0.37996,0.108
-0.51906,-0.25047,0.98408,-0.7231,-0.37996,0.12829
-0.40804,-0.25047,0.98408,-0.7231,-0.37996,-0.25439
-0.28116,-0.25047,0.98408,-0.7231,-0.37996,-1.0038
-0.12256,-0.25047,0.98408,-0.7231,-0.37996,-1.2589
0.08362,-0.25047,0.98408,-0.7231,-0.37996,-0.92698
0.35324,-0.25047,0.98408,-0.7231,-0.37996,-1.3097
0.67044,-0.25047,0.98408,-0.7231,-0.37996,-1.3807
1.0828,-0.25047,0.98408,-0.7231,-0.37996,-1.7822
-0.85212,0.087477,0.98408,1.3125,-0.053191,2.0181
-0.83626,0.087477,0.98408,1.3125,-0.053191,2.1862
-0.81565,0.087477,0.98408,1.3125,-0.053191,2.1703
-0.78868,0.087477,0.98408,1.3125,-0.053191,2.1167
-0.75696,0.087477,0.98408,1.3125,-0.053191,1.734
-0.71573,0.087477,0.98408,1.3125,-0.053191,1.2948
-0.6618,0.087477,0.98408,1.3125,-0.053191,0.85699
-0.59836,0.087477,0.98408,1.3125,-0.053191,0.29021
-0.51906,0.087477,0.98408,1.3125,-0.053191,0.36559
-0.40804,0.087477,0.98408,1.3125,-0.053191,0.12931
-0.28116,0.087477,0.98408,1.3125,-0.053191,-0.30846
-0.12256,0.087477,0.98408,1.3125,-0.053191,-0.39833
0.08362,0.087477,0.98408,1.3125,-0.053191,-0.63461
0.35324,0.087477,0.98408,1.3125,-0.053191,-0.8158
0.67044,0.087477,0.98408,1.3125,-0.053191,-1.3826
1.0828,0.087477,0.98408,1.3125,-0.053191,-1.3072
-0.85212,0.087477,0.98408,0.29791,0.0023361,1.5073
-0.83626,0.087477,0.98408,0.29791,0.0023361,1.674
-0.81565,0.087477,0.98408,0.29791,0.0023361,1.6595
-0.78868,0.087477,0.98408,0.29791,0.0023361,1.6073
-0.75696,0.087477,0.98408,0.29791,0.0023361,1.2086
-0.71573,0.087477,0.98408,0.29791,0.0023361,0.88395
-0.6618,0.087477,0.98408,0.29791,0.0023361,0.52301
-0.59836,0.087477,0.98408,0.29791,0.0023361,0.051902
-0.51906,0.087477,0.98408,0.29791,0.0023361,0.12873
-0.40804,0.087477,0.98408,0.29791,0.0023361,-0.21482
-0.28116,0.087477,0.98408,0.29791,0.0023361,-0.64968
-0.12256,0.087477,0.98408,0.29791,0.0023361,-0.84682
0.08362,0.087477,0.98408,0.29791,0.0023361,-1.1164
0.35324,0.087477,0.98408,0.29791,0.0023361,-1.0947
0.67044,0.087477,0.98408,0.29791,0.0023361,-1.6948
1.0828,0.087477,0.98408,0.29791,0.0023361,-1.9282
-0.85212,0.087477,0.98408,-0.7231,0.091878,0.89192
-0.83626,0.087477,0.98408,-0.7231,0.091878,1.0224
-0.81565,0.087477,0.98408,-0.7231,0.091878,1.0601
-0.78868,0.087477,0.98408,-0.7231,0.091878,1.0441
-0.75696,0.087477,0.98408,-0.7231,0.091878,0.7919
-0.71573,0.087477,0.98408,-0.7231,0.091878,0.59331
-0.6618,0.087477,0.98408,-0.7231,0.091878,0.21208
-0.59836,0.087477,0.98408,-0.7231,0.091878,-0.33296
-0.51906,0.087477,0.98408,-0.7231,0.091878,-0.23873
-0.40804,0.087477,0.98408,-0.7231,0.091878,-0.54749
-0.28116,0.087477,0.98408,-0.7231,0.091878,-1.0186
-0.12256,0.087477,0.98408,-0.7231,0.091878,-1.1998
0.08362,0.087477,0.98408,-0.7231,0.091878,-1.5259
0.35324,0.087477,0.98408,-0.7231,0.091878,-1.5593
0.67044,0.087477,0.98408,-0.7231,0.091878,-1.8666
1.0828,0.087477,0.98408,-0.7231,0.091878,-2.0289
-0.85212,0.087477,0.98408,-1.2304,0.16177,0.55707
-0.83626,0.087477,0.98408,-1.2304,0.16177,0.76146
-0.81565,0.087477,0.98408,-1.2304,0.16177,0.7832
-0.78868,0.087477,0.98408,-1.2304,0.16177,0.78755
-0.75696,0.087477,0.98408,-1.2304,0.16177,0.48315
-0.71573,0.087477,0.98408,-1.2304,0.16177,0.19613
-0.6618,0.087477,0.98408,-1.2304,0.16177,-0.23583
-0.59836,0.087477,0.98408,-1.2304,0.16177,-0.8316
-0.51906,0.087477,0.98408,-1.2304,0.16177,-0.62722
-0.40804,0.087477,0.98408,-1.2304,0.16177,-0.8403
-0.28116,0.087477,0.98408,-1.2304,0.16177,-1.381
-0.12256,0.087477,0.98408,-1.2304,0.16177,-1.468
0.08362,0.087477,0.98408,-1.2304,0.16177,-1.6825
0.35324,0.087477,0.98408,-1.2304,0.16177,-1.768
0.67044,0.087477,0.98408,-1.2304,0.16177,-2.0014
1.0828,0.087477,0.98408,-1.2304,0.16177,-2.0507
-0.6618,-1.146,0.16946,1.3125,-0.72554,0.14221
-0.59836,-1.146,0.16946,1.3125,-0.72554,0.35819
-0.51906,-1.146,0.16946,1.3125,-0.72554,0.59302
-0.40804,-1.146,0.16946,1.3125,-0.72554,0.70029
-0.28116,-1.146,0.16946,1.3125,-0.72554,0.55243
-0.12256,-1.146,0.16946,1.3125,-0.72554,0.47706
0.08362,-1.146,0.16946,1.3125,-0.72554,0.65825
0.35324,-1.146,0.16946,1.3125,-0.72554,0.58288
0.67044,-1.146,0.16946,1.3125,-0.72554,0.23498
1.0828,-1.146,0.16946,1.3125,-0.72554,0.085677
1.622,-1.146,0.16946,1.3125,-0.72554,-0.33469
2.2564,-1.146,0.16946,1.3125,-0.72554,-0.66519
3.0495,-1.146,0.16946,1.3125,-0.72554,-1.1233
4.1597,-1.146,0.16946,1.3125,-0.72554,-1.6726
-0.75696,-1.146,0.16946,0.29791,-0.71582,-0.61794
-0.71573,-1.146,0.16946,0.29791,-0.71582,-0.18162
-0.6618,-1.146,0.16946,0.29791,-0.71582,0.27209
-0.59836,-1.146,0.16946,0.29791,-0.71582,0.54316
-0.51906,-1.146,0.16946,0.29791,-0.71582,0.74175
-0.40804,-1.146,0.16946,0.29791,-0.71582,0.77509
-0.28116,-1.146,0.16946,0.29791,-0.71582,0.70116
-0.12256,-1.146,0.16946,0.29791,-0.71582,0.42429
0.08362,-1.146,0.16946,0.29791,-0.71582,0.42284
0.35324,-1.146,0.16946,0.29791,-0.71582,0.34747
0.67044,-1.146,0.16946,0.29791,-0.71582,0.053207
1.0828,-1.146,0.16946,0.29791,-0.71582,-0.22221
1.622,-1.146,0.16946,0.29791,-0.71582,-0.42515
2.2564,-1.146,0.16946,0.29791,-0.71582,-0.80928
3.0495,-1.146,0.16946,0.29791,-0.71582,-1.1224
4.1597,-1.146,0.16946,0.29791,-0.71582,-1.7442
-0.75696,-1.146,0.16946,-0.7231,-0.70014,-0.77159
-0.71573,-1.146,0.16946,-0.7231,-0.70014,-0.062758
-0.6618,-1.146,0.16946,-0.7231,-0.70014,0.44459
-0.59836,-1.146,0.16946,-0.7231,-0.70014,0.75334
-0.51906,-1.146,0.16946,-0.7231,-0.70014,0.89685
-0.40804,-1.146,0.16946,-0.7231,-0.70014,0.8954
-0.28116,-1.146,0.16946,-0.7231,-0.70014,0.69536
-0.12256,-1.146,0.16946,-0.7231,-0.70014,0.29383
0.08362,-1.146,0.16946,-0.7231,-0.70014,0.11119
0.35324,-1.146,0.16946,-0.7231,-0.70014,0.073501
0.67044,-1.146,0.16946,-0.7231,-0.70014,-0.20047
1.0828,-1.146,0.16946,-0.7231,-0.70014,-0.51067
1.622,-1.146,0.16946,-0.7231,-0.70014,-0.62084
2.2564,-1.146,0.16946,-0.7231,-0.70014,-1.3659
-0.75696,-1.146,0.16946,-1.2304,-0.68788,-0.4666
-0.71573,-1.146,0.16946,-1.2304,-0.68788,0.1683
-0.6618,-1.146,0.16946,-1.2304,-0.68788,0.62056
-0.59836,-1.146,0.16946,-1.2304,-0.68788,0.89163
-0.51906,-1.146,0.16946,-1.2304,-0.68788,0.96121
-0.40804,-1.146,0.16946,-1.2304,-0.68788,0.86699
-0.28116,-1.146,0.16946,-1.2304,-0.68788,0.59012
-0.12256,-1.146,0.16946,-1.2304,-0.68788,0.14946
0.08362,-1.146,0.16946,-1.2304,-0.68788,-0.091169
0.35324,-1.146,0.16946,-1.2304,-0.68788,-0.14915
0.67044,-1.146,0.16946,-1.2304,-0.68788,-0.35354
1.0828,-1.146,0.16946,-1.2304,-0.68788,-0.73912
1.622,-1.146,0.16946,-1.2304,-0.68788,-0.99714
-0.71573,-0.6898,0.16946,1.3125,-0.66169,0.37225
-0.6618,-0.6898,0.16946,1.3125,-0.66169,0.37081
-0.59836,-0.6898,0.16946,1.3125,-0.66169,0.57084
-0.51906,-0.6898,0.16946,1.3125,-0.66169,0.76943
-0.40804,-0.6898,0.16946,1.3125,-0.66169,0.84191
-0.28116,-0.6898,0.16946,1.3125,-0.66169,0.76508
-0.12256,-0.6898,0.16946,1.3125,-0.66169,0.50706
0.08362,-0.6898,0.16946,1.3125,-0.66169,0.32152
0.35324,-0.6898,0.16946,1.3125,-0.66169,0.24614
0.67044,-0.6898,0.16946,1.3125,-0.66169,-0.068411
1.0828,-0.6898,0.16946,1.3125,-0.66169,-0.4192
1.622,-0.6898,0.16946,1.3125,-0.66169,-0.62359
2.2564,-0.6898,0.16946,1.3125,-0.66169,-1.1759
3.0495,-0.6898,0.16946,1.3125,-0.66169,-1.7108
4.1597,-0.6898,0.16946,1.3125,-0.66169,-2.0978
-0.75696,-0.6898,0.16946,-0.7231,-0.62294,-0.55474
-0.71573,-0.6898,0.16946,-0.7231,-0.62294,0.14105
-0.6618,-0.6898,0.16946,-0.7231,-0.62294,0.57882
-0.59836,-0.6898,0.16946,-0.7231,-0.62294,0.83394
-0.51906,-0.6898,0.16946,-0.7231,-0.62294,0.86873
-0.40804,-0.6898,0.16946,-0.7231,-0.62294,0.75566
-0.28116,-0.6898,0.16946,-0.7231,-0.62294,0.4788
-0.12256,-0.6898,0.16946,-0.7231,-0.62294,0.10916
0.08362,-0.6898,0.16946,-0.7231,-0.62294,-0.27787
0.35324,-0.6898,0.16946,-0.7231,-0.62294,-0.42718
0.67044,-0.6898,0.16946,-0.7231,-0.62294,-0.48371
1.0828,-0.6898,0.16946,-0.7231,-0.62294,-0.81566
1.622,-0.6898,0.16946,-0.7231,-0.62294,-1.1853
2.2564,-0.6898,0.16946,-0.7231,-0.62294,-1.7753
3.0495,-0.6898,0.16946,-0.7231,-0.62294,-2.3464
-0.78868,-0.23357,0.16946,1.3125,-0.54204,-0.10364
-0.75696,-0.23357,0.16946,1.3125,-0.54204,0.21092
-0.71573,-0.23357,0.16946,1.3125,-0.54204,0.5994
-0.6618,-0.23357,0.16946,1.3125,-0.54204,0.93425
-0.59836,-0.23357,0.16946,1.3125,-0.54204,1.2126
-0.51906,-0.23357,0.16946,1.3125,-0.54204,1.3445
-0.40804,-0.23357,0.16946,1.3125,-0.54204,1.2184
-0.28116,-0.23357,0.16946,1.3125,-0.54204,0.90961
-0.12256,-0.23357,0.16946,1.3125,-0.54204,0.39936
0.08362,-0.23357,0.16946,1.3125,-0.54204,-0.22105
0.35324,-0.23357,0.16946,1.3125,-0.54204,-0.49357
0.67044,-0.23357,0.16946,1.3125,-0.54204,-0.69216
1.0828,-0.23357,0.16946,1.3125,-0.54204,-1.2212
-0.78868,-0.23357,0.16946,0.29791,-0.51763,0.28572
-0.75696,-0.23357,0.16946,0.29791,-0.51763,0.6568
-0.71573,-0.23357,0.16946,0.29791,-0.51763,1.0105
-0.6618,-0.23357,0.16946,0.29791,-0.51763,1.1975
-0.59836,-0.23357,0.16946,0.29791,-0.51763,1.0569
-0.51906,-0.23357,0.16946,0.29791,-0.51763,0.86119
-0.40804,-0.23357,0.16946,0.29791,-0.51763,0.83075
-0.28116,-0.23357,0.16946,0.29791,-0.51763,0.56113
-0.12256,-0.23357,0.16946,0.29791,-0.51763,-0.11001
0.08362,-0.23357,0.16946,0.29791,-0.51763,-0.47095
0.35324,-0.23357,0.16946,0.29791,-0.51763,-0.73912
0.67044,-0.23357,0.16946,0.29791,-0.51763,-0.88118
1.0828,-0.23357,0.16946,0.29791,-0.51763,-1.0943
1.622,-0.23357,0.16946,0.29791,-0.51763,-1.4364
-0.81565,-0.23357,0.16946,-0.7231,-0.47829,0.074081
-0.78868,-0.23357,0.16946,-0.7231,-0.47829,0.40603
-0.75696,-0.23357,0.16946,-0.7231,-0.47829,0.73943
-0.71573,-0.23357,0.16946,-0.7231,-0.47829,1.0902
-0.6618,-0.23357,0.16946,-0.7231,-0.47829,1.1482
-0.59836,-0.23357,0.16946,-0.7231,-0.47829,0.82205
-0.51906,-0.23357,0.16946,-0.7231,-0.47829,0.33065
-0.40804,-0.23357,0.16946,-0.7231,-0.47829,0.20744
-0.28116,-0.23357,0.16946,-0.7231,-0.47829,-0.027388
-0.12256,-0.23357,0.16946,-0.7231,-0.47829,-0.62895
0.08362,-0.23357,0.16946,-0.7231,-0.47829,-0.82609
0.35324,-0.23357,0.16946,-0.7231,-0.47829,-1.116
0.67044,-0.23357,0.16946,-0.7231,-0.47829,-1.1305
1.0828,-0.23357,0.16946,-0.7231,-0.47829,-1.1827
-0.81565,-0.23357,0.16946,-1.2304,-0.44753,0.13119
-0.78868,-0.23357,0.16946,-1.2304,-0.44753,0.4269
-0.75696,-0.23357,0.16946,-1.2304,-0.44753,0.70232
-0.71573,-0.23357,0.16946,-1.2304,-0.44753,0.96179
-0.6618,-0.23357,0.16946,-1.2304,-0.44753,0.96469
-0.59836,-0.23357,0.16946,-1.2304,-0.44753,0.49358
-0.51906,-0.23357,0.16946,-1.2304,-0.44753,-0.12248
-0.40804,-0.23357,0.16946,-1.2304,-0.44753,-0.15582
-0.28116,-0.23357,0.16946,-1.2304,-0.44753,-0.29933
-0.12256,-0.23357,0.16946,-1.2304,-0.44753,-0.82407
0.08362,-0.23357,0.16946,-1.2304,-0.44753,-0.94873
0.35324,-0.23357,0.16946,-1.2304,-0.44753,-1.2546
0.67044,-0.23357,0.16946,-1.2304,-0.44753,-1.3256
1.0828,-0.23357,0.16946,-1.2304,-0.44753,-1.3401
-0.81565,0.070579,0.16946,1.3125,-0.27524,0.562
-0.78868,0.070579,0.16946,1.3125,-0.27524,0.76639
-0.75696,0.070579,0.16946,1.3125,-0.27524,1.0447
-0.71573,0.070579,0.16946,1.3125,-0.27524,1.452
-0.6618,0.070579,0.16946,1.3125,-0.27524,1.6216
-0.59836,0.070579,0.16946,1.3125,-0.27524,1.368
-0.51906,0.070579,0.16946,1.3125,-0.27524,1.1128
-0.40804,0.070579,0.16946,1.3125,-0.27524,0.87801
-0.28116,0.070579,0.16946,1.3125,-0.27524,0.55185
-0.12256,0.070579,0.16946,1.3125,-0.27524,-0.070005
0.08362,0.070579,0.16946,1.3125,-0.27524,-1.1673
0.35324,0.070579,0.16946,1.3125,-0.27524,-0.79623
0.67044,0.070579,0.16946,1.3125,-0.27524,-0.94119
1.0828,0.070579,0.16946,1.3125,-0.27524,-1.1934
1.622,0.070579,0.16946,1.3125,-0.27524,-1.6674
2.2564,0.070579,0.16946,1.3125,-0.27524,-2.1052
-0.83626,0.070579,0.16946,-0.7231,-0.15575,0.38443
-0.81565,0.070579,0.16946,-0.7231,-0.15575,0.82945
-0.78868,0.070579,0.16946,-0.7231,-0.15575,1.0556
-0.75696,0.070579,0.16946,-0.7231,-0.15575,1.1339
-0.71573,0.070579,0.16946,-0.7231,-0.15575,1.2121
-0.6618,0.070579,0.16946,-0.7231,-0.15575,1.0904
-0.59836,0.070579,0.16946,-0.7231,-0.15575,0.50764
-0.51906,0.070579,0.16946,-0.7231,-0.15575,-0.34905
-0.40804,0.070579,0.16946,-0.7231,-0.15575,-0.69259
-0.28116,0.070579,0.16946,-0.7231,-0.15575,-0.66795
-0.12256,0.070579,0.16946,-0.7231,-0.15575,-1.0666
0.08362,0.070579,0.16946,-0.7231,-0.15575,-1.887
0.35324,0.070579,0.16946,-0.7231,-0.15575,-1.5333
0.67044,0.070579,0.16946,-0.7231,-0.15575,-1.6739
1.0828,0.070579,0.16946,-0.7231,-0.15575,-1.7609
1.622,0.070579,0.16946,-0.7231,-0.15575,-1.9204
2.2564,0.070579,0.16946,-0.7231,-0.15575,-2.0247
-0.85212,0.5268,0.16946,1.3125,0.62054,1.3746
-0.83626,0.5268,0.16946,1.3125,0.62054,1.521
-0.81565,0.5268,0.16946,1.3125,0.62054,1.5399
-0.78868,0.5268,0.16946,1.3125,0.62054,1.4848
-0.75696,0.5268,0.16946,1.3125,0.62054,0.93396
-0.71573,0.5268,0.16946,1.3125,0.62054,0.73247
-0.6618,0.5268,0.16946,1.3125,0.62054,0.58606
-0.59836,0.5268,0.16946,1.3125,0.62054,0.21933
-0.51906,0.5268,0.16946,1.3125,0.62054,-0.31266
-0.40804,0.5268,0.16946,1.3125,0.62054,-0.44167
-0.28116,0.5268,0.16946,1.3125,0.62054,-0.58808
-0.12256,0.5268,0.16946,1.3125,0.62054,-0.75333
0.08362,0.5268,0.16946,1.3125,0.62054,-1.1578
0.35324,0.5268,0.16946,1.3125,0.62054,-1.4143
0.67044,0.5268,0.16946,1.3125,0.62054,-1.4883
1.0828,0.5268,0.16946,1.3125,0.62054,-1.855
-0.85212,0.5268,0.16946,0.29791,0.73793,1.0319
-0.83626,0.5268,0.16946,0.29791,0.73793,1.2175
-0.81565,0.5268,0.16946,0.29791,0.73793,1.0899
-0.78868,0.5268,0.16946,0.29791,0.73793,0.98121
-0.75696,0.5268,0.16946,0.29791,0.73793,0.43183
-0.71573,0.5268,0.16946,0.29791,0.73793,0.35935
-0.6618,0.5268,0.16946,0.29791,0.73793,0.25064
-0.59836,0.5268,0.16946,0.29791,0.73793,-0.024779
-0.51906,0.5268,0.16946,0.29791,0.73793,-0.464
-0.40804,0.5268,0.16946,0.29791,0.73793,-0.71912
-0.28116,0.5268,0.16946,0.29791,0.73793,-0.77275
-0.12256,0.5268,0.16946,0.29791,0.73793,-0.938
0.08362,0.5268,0.16946,0.29791,0.73793,-1.4135
0.35324,0.5268,0.16946,0.29791,0.73793,-1.7237
0.67044,0.5268,0.16946,0.29791,0.73793,-1.8512
1.0828,0.5268,0.16946,0.29791,0.73793,-2.0701
-0.85212,0.5268,0.16946,-0.7231,0.9272,0.35935
-0.83626,0.5268,0.16946,-0.7231,0.9272,0.50721
-0.81565,0.5268,0.16946,-0.7231,0.9272,0.5449
-0.78868,0.5268,0.16946,-0.7231,0.9272,0.50866
-0.75696,0.5268,0.16946,-0.7231,0.9272,0.28977
-0.71573,0.5268,0.16946,-0.7231,0.9272,0.23614
-0.6618,0.5268,0.16946,-0.7231,0.9272,0.21875
-0.59836,0.5268,0.16946,-0.7231,0.9272,-0.14509
-0.51906,0.5268,0.16946,-0.7231,0.9272,-0.62055
-0.40804,0.5268,0.16946,-0.7231,0.9272,-0.91191
-0.28116,0.5268,0.16946,-0.7231,0.9272,-1.0018
-0.12256,0.5268,0.16946,-0.7231,0.9272,-1.2381
0.08362,0.5268,0.16946,-0.7231,0.9272,-1.6396
0.35324,0.5268,0.16946,-0.7231,0.9272,-1.8222
0.67044,0.5268,0.16946,-0.7231,0.9272,-1.986
1.0828,0.5268,0.16946,-0.7231,0.9272,-2.1672
-0.85212,0.5268,0.16946,-1.2304,1.0752,0.35703
-0.83626,0.5268,0.16946,-1.2304,1.0752,0.53968
-0.81565,0.5268,0.16946,-1.2304,1.0752,0.57592
-0.78868,0.5268,0.16946,-1.2304,1.0752,0.59476
-0.75696,0.5268,0.16946,-1.2304,1.0752,0.33964
-0.71573,0.5268,0.16946,-1.2304,1.0752,0.17584
-0.6618,0.5268,0.16946,-1.2304,1.0752,0.10191
-0.59836,0.5268,0.16946,-1.2304,1.0752,-0.38949
-0.51906,0.5268,0.16946,-1.2304,1.0752,-0.90118
-0.40804,0.5268,0.16946,-1.2304,1.0752,-1.1186
-0.28116,0.5268,0.16946,-1.2304,1.0752,-1.1563
-0.12256,0.5268,0.16946,-1.2304,1.0752,-1.4651
0.08362,0.5268,0.16946,-1.2304,1.0752,-1.8303
0.35324,0.5268,0.16946,-1.2304,1.0752,-1.9391
0.67044,0.5268,0.16946,-1.2304,1.0752,-2.1579
1.0828,0.5268,0.16946,-1.2304,1.0752,-2.3406
-0.85212,0.98303,0.16946,1.3125,2.827,0.50996
-0.83626,0.98303,0.16946,1.3125,2.827,0.71145
-0.81565,0.98303,0.16946,1.3125,2.827,0.52881
-0.78868,0.98303,0.16946,1.3125,2.827,0.32732
-0.75696,0.98303,0.16946,1.3125,2.827,-0.45979
-0.71573,0.98303,0.16946,1.3125,2.827,-0.22206
-0.6618,0.98303,0.16946,1.3125,2.827,-0.2583
-0.59836,0.98303,0.16946,1.3125,2.827,-0.40471
-0.51906,0.98303,0.16946,1.3125,2.827,-0.67867
-0.40804,0.98303,0.16946,1.3125,2.827,-0.62359
-0.28116,0.98303,0.16946,1.3125,2.827,-1.0628
-0.12256,0.98303,0.16946,1.3125,2.827,-1.3919
0.08362,0.98303,0.16946,1.3125,2.827,-1.6673
0.35324,0.98303,0.16946,1.3125,2.827,-2.4355
0.67044,0.98303,0.16946,1.3125,2.827,-2.4355
1.0828,0.98303,0.16946,1.3125,2.827,-2.5443
-0.85212,0.98303,0.16946,-0.7231,3.5947,-1.462
-0.83626,0.98303,0.16946,-0.7231,3.5947,-1.2968
-0.81565,0.98303,0.16946,-0.7231,3.5947,-1.2779
-0.78868,0.98303,0.16946,-0.7231,3.5947,-1.2939
-0.75696,0.98303,0.16946,-0.7231,3.5947,-1.4403
-0.71573,0.98303,0.16946,-0.7231,3.5947,-1.2011
-0.6618,0.98303,0.16946,-0.7231,3.5947,-1.1996
-0.59836,0.98303,0.16946,-0.7231,3.5947,-1.4736
-0.51906,0.98303,0.16946,-0.7231,3.5947,-1.8375
-0.40804,0.98303,0.16946,-0.7231,3.5947,-2.0375
-0.28116,0.98303,0.16946,-0.7231,3.5947,-2.2201
-0.12256,0.98303,0.16946,-0.7231,3.5947,-2.6028
0.08362,0.98303,0.16946,-0.7231,3.5947,-2.6927
0.35324,0.98303,0.16946,-0.7231,3.5947,-2.9478
0.67044,0.98303,0.16946,-0.7231,3.5947,-3.0014
1.0828,0.98303,0.16946,-0.7231,3.5947,-3.1102
-0.6618,-1.146,-0.91669,1.3125,-0.79081,0.88772
-0.59836,-1.146,-0.91669,1.3125,-0.79081,0.66883
-0.51906,-1.146,-0.91669,1.3125,-0.79081,0.53982
-0.40804,-1.146,-0.91669,1.3125,-0.79081,0.70217
-0.28116,-1.146,-0.91669,1.3125,-0.79081,0.90221
-0.12256,-1.146,-0.91669,1.3125,-0.79081,0.93845
0.08362,-1.146,-0.91669,1.3125,-0.79081,1.4835
0.35324,-1.146,-0.91669,1.3125,-0.79081,1.3907
0.67044,-1.146,-0.91669,1.3125,-0.79081,1.3907
1.0828,-1.146,-0.91669,1.3125,-0.79081,1.1892
1.622,-1.146,-0.91669,1.3125,-0.79081,0.87757
2.2564,-1.146,-0.91669,1.3125,-0.79081,0.56592
3.0495,-1.146,-0.91669,1.3125,-0.79081,0.055671
-0.6618,-1.146,-0.91669,0.29791,-0.78918,-0.07247
-0.59836,-1.146,-0.91669,0.29791,-0.78918,0.10873
-0.51906,-1.146,-0.91669,0.29791,-0.78918,0.32471
-0.40804,-1.146,-0.91669,0.29791,-0.78918,0.54214
-0.28116,-1.146,-0.91669,0.29791,-0.78918,0.95962
-0.12256,-1.146,-0.91669,0.29791,-0.78918,1.322
0.08362,-1.146,-0.91669,0.29791,-0.78918,1.4481
0.35324,-1.146,-0.91669,0.29791,-0.78918,1.4655
0.67044,-1.146,-0.91669,0.29791,-0.78918,1.409
1.0828,-1.146,-0.91669,0.29791,-0.78918,1.1539
1.622,-1.146,-0.91669,0.29791,-0.78918,0.77117
2.2564,-1.146,-0.91669,0.29791,-0.78918,0.40588
3.0495,-1.146,-0.91669,0.29791,-0.78918,0.078284
-0.6618,-1.146,-0.91669,-0.7231,-0.78691,0.24237
-0.59836,-1.146,-0.91669,-0.7231,-0.78691,0.40617
-0.51906,-1.146,-0.91669,-0.7231,-0.78691,0.62506
-0.40804,-1.146,-0.91669,-0.7231,-0.78691,0.88018
-0.28116,-1.146,-0.91669,-0.7231,-0.78691,1.1715
-0.12256,-1.146,-0.91669,-0.7231,-0.78691,1.4644
0.08362,-1.146,-0.91669,-0.7231,-0.78691,1.6093
0.35324,-1.146,-0.91669,-0.7231,-0.78691,1.518
0.67044,-1.146,-0.91669,-0.7231,-0.78691,1.373
1.0828,-1.146,-0.91669,-0.7231,-0.78691,1.0266
1.622,-1.146,-0.91669,-0.7231,-0.78691,0.53374
2.2564,-1.146,-0.91669,-0.7231,-0.78691,0.16845
3.0495,-1.146,-0.91669,-0.7231,-0.78691,-0.12291
-0.6618,-1.146,-0.91669,-1.2304,-0.78536,-0.29657
-0.59836,-1.146,-0.91669,-1.2304,-0.78536,0.2818
-0.51906,-1.146,-0.91669,-1.2304,-0.78536,0.64274
-0.40804,-1.146,-0.91669,-1.2304,-0.78536,0.89497
-0.28116,-1.146,-0.91669,-1.2304,-0.78536,1.1849
-0.12256,-1.146,-0.91669,-1.2304,-0.78536,1.4545
0.08362,-1.146,-0.91669,-1.2304,-0.78536,1.5444
0.35324,-1.146,-0.91669,-1.2304,-0.78536,1.3443
0.67044,-1.146,-0.91669,-1.2304,-0.78536,1.2168
1.0828,-1.146,-0.91669,-1.2304,-0.78536,0.79784
1.622,-1.146,-0.91669,-1.2304,-0.78536,0.25426
2.2564,-1.146,-0.91669,-1.2304,-0.78536,-0.34586
3.0495,-1.146,-0.91669,-1.2304,-0.78536,-0.83581
-0.40804,-0.43634,-0.91669,1.3125,-0.73854,-0.075079
-0.28116,-0.43634,-0.91669,1.3125,-0.73854,0.72653
-0.12256,-0.43634,-0.91669,1.3125,-0.73854,1.0353
0.08362,-0.43634,-0.91669,1.3125,-0.73854,1.289
0.35324,-0.43634,-0.91669,1.3125,-0.73854,1.2701
0.67044,-0.43634,-0.91669,1.3125,-0.73854,1.1585
1.0828,-0.43634,-0.91669,1.3125,-0.73854,0.64825
1.622,-0.43634,-0.91669,1.3125,-0.73854,0.062629
2.2564,-0.43634,-0.91669,1.3125,-0.73854,-0.52154
3.0495,-0.43634,-0.91669,1.3125,-0.73854,-1.0883
-0.59836,-0.43634,-0.91669,-0.7231,-0.73101,0.11757
-0.51906,-0.43634,-0.91669,-0.7231,-0.73101,0.52054
-0.40804,-0.43634,-0.91669,-0.7231,-0.73101,0.77712
-0.28116,-0.43634,-0.91669,-0.7231,-0.73101,1.1236
-0.12256,-0.43634,-0.91669,-0.7231,-0.73101,1.3062
0.08362,-0.43634,-0.91669,-0.7231,-0.73101,1.2685
0.35324,-0.43634,-0.91669,-0.7231,-0.73101,1.0105
0.67044,-0.43634,-0.91669,-0.7231,-0.73101,0.71623
1.0828,-0.43634,-0.91669,-0.7231,-0.73101,0.12771
1.622,-0.43634,-0.91669,-0.7231,-0.73101,-0.64345
2.2564,-0.43634,-0.91669,-0.7231,-0.73101,-1.1406
-0.6618,0.27335,-0.91669,1.3125,-0.44446,0.39429
-0.59836,0.27335,-0.91669,1.3125,-0.44446,0.74073
-0.51906,0.27335,-0.91669,1.3125,-0.44446,1.0509
-0.40804,0.27335,-0.91669,1.3125,-0.44446,1.3061
-0.28116,0.27335,-0.91669,1.3125,-0.44446,1.3974
-0.12256,0.27335,-0.91669,1.3125,-0.44446,1.3611
0.08362,0.27335,-0.91669,1.3125,-0.44446,1.0335
0.35324,0.27335,-0.91669,1.3125,-0.44446,0.30297
0.67044,0.27335,-0.91669,1.3125,-0.44446,-0.53488
-0.78868,0.27335,-0.91669,0.29791,-0.43279,-0.47168
-0.75696,0.27335,-0.91669,0.29791,-0.43279,-0.15857
-0.71573,0.27335,-0.91669,0.29791,-0.43279,0.19077
-0.6618,0.27335,-0.91669,0.29791,-0.43279,0.54011
-0.59836,0.27335,-0.91669,0.29791,-0.43279,0.85322
-0.51906,0.27335,-0.91669,0.29791,-0.43279,1.075
-0.40804,0.27335,-0.91669,0.29791,-0.43279,1.1881
-0.28116,0.27335,-0.91669,0.29791,-0.43279,1.1895
-0.12256,0.27335,-0.91669,0.29791,-0.43279,0.97208
0.08362,0.27335,-0.91669,0.29791,-0.43279,0.51692
0.35324,0.27335,-0.91669,0.29791,-0.43279,-0.32237
0.67044,0.27335,-0.91669,0.29791,-0.43279,-1.3081
-0.78868,0.27335,-0.91669,-0.7231,-0.41654,-0.69882
-0.75696,0.27335,-0.91669,-0.7231,-0.41654,-0.2799
-0.71573,0.27335,-0.91669,-0.7231,-0.41654,0.17526
-0.6618,0.27335,-0.91669,-0.7231,-0.41654,0.5217
-0.59836,0.27335,-0.91669,-0.7231,-0.41654,0.77683
-0.51906,0.27335,-0.91669,-0.7231,-0.41654,0.92323
-0.40804,0.27335,-0.91669,-0.7231,-0.41654,0.88844
-0.28116,0.27335,-0.91669,-0.7231,-0.41654,0.74349
-0.12256,0.27335,-0.91669,-0.7231,-0.41654,0.3811
0.08362,0.27335,-0.91669,-0.7231,-0.41654,-0.12625
0.35324,0.27335,-0.91669,-0.7231,-0.41654,-0.85248
-0.78868,0.27335,-0.91669,-1.2304,-0.40548,-0.68998
-0.75696,0.27335,-0.91669,-1.2304,-0.40548,-0.27106
-0.71573,0.27335,-0.91669,-1.2304,-0.40548,0.14786
-0.6618,0.27335,-0.91669,-1.2304,-0.40548,0.49431
-0.59836,0.27335,-0.91669,-1.2304,-0.40548,0.6784
-0.51906,0.27335,-0.91669,-1.2304,-0.40548,0.77117
-0.40804,0.27335,-0.91669,-1.2304,-0.40548,0.64651
-0.28116,0.27335,-0.91669,-1.2304,-0.40548,0.41313
-0.12256,0.27335,-0.91669,-1.2304,-0.40548,0.10728
0.08362,0.27335,-0.91669,-1.2304,-0.40548,-0.39862
0.35324,0.27335,-0.91669,-1.2304,-0.40548,-0.97554
-0.85212,0.74647,-0.91669,1.3125,0.22297,0.16018
-0.83626,0.74647,-0.91669,1.3125,0.22297,0.32833
-0.81565,0.74647,-0.91669,1.3125,0.22297,0.51388
-0.78868,0.74647,-0.91669,1.3125,0.22297,0.64434
-0.75696,0.74647,-0.91669,1.3125,0.22297,0.79364
-0.71573,0.74647,-0.91669,1.3125,0.22297,1.272
-0.6618,0.74647,-0.91669,1.3125,0.22297,1.6228
-0.59836,0.74647,-0.91669,1.3125,0.22297,1.7547
-0.51906,0.74647,-0.91669,1.3125,0.22297,1.646
-0.40804,0.74647,-0.91669,1.3125,0.22297,1.501
-0.28116,0.74647,-0.91669,1.3125,0.22297,1.2285
-0.12256,0.74647,-0.91669,1.3125,0.22297,0.82698
0.08362,0.74647,-0.91669,1.3125,0.22297,0.33413
0.35324,0.74647,-0.91669,1.3125,0.22297,-0.34281
-0.85212,0.74647,-0.91669,-0.7231,0.29717,0.025231
-0.83626,0.74647,-0.91669,-0.7231,0.29717,0.23107
-0.81565,0.74647,-0.91669,-0.7231,0.29717,0.60215
-0.78868,0.74647,-0.91669,-0.7231,0.29717,0.84568
-0.75696,0.74647,-0.91669,-0.7231,0.29717,1.0327
-0.71573,0.74647,-0.91669,-0.7231,0.29717,1.2023
-0.6618,0.74647,-0.91669,-0.7231,0.29717,1.2979
-0.59836,0.74647,-0.91669,-0.7231,0.29717,1.1008
-0.51906,0.74647,-0.91669,-0.7231,0.29717,0.75581
-0.40804,0.74647,-0.91669,-0.7231,0.29717,0.24701
-0.28116,0.74647,-0.91669,-0.7231,0.29717,-0.060293
-0.12256,0.74647,-0.91669,-0.7231,0.29717,-0.38644
0.08362,0.74647,-0.91669,-0.7231,0.29717,-0.74883
0.35324,0.74647,-0.91669,-0.7231,0.29717,-1.3504
-0.85212,1.4562,-0.91669,1.3125,1.1625,-0.17988
-0.83626,1.4562,-0.91669,1.3125,1.1625,-0.00013666
-0.81565,1.4562,-0.91669,1.3125,1.1625,0.197
-0.78868,1.4562,-0.91669,1.3125,1.1625,0.28543
-0.75696,1.4562,-0.91669,1.3125,1.1625,0.355
-0.71573,1.4562,-0.91669,1.3125,1.1625,0.6971
-0.6618,1.4562,-0.91669,1.3125,1.1625,0.96817
-0.59836,1.4562,-0.91669,1.3125,1.1625,1.0189
-0.51906,1.4562,-0.91669,1.3125,1.1625,0.87105
-0.40804,1.4562,-0.91669,1.3125,1.1625,0.75798
-0.28116,1.4562,-0.91669,1.3125,1.1625,0.64492
-0.12256,1.4562,-0.91669,1.3125,1.1625,0.40429
0.08362,1.4562,-0.91669,1.3125,1.1625,0.12742
0.35324,1.4562,-0.91669,1.3125,1.1625,-0.31324
0.67044,1.4562,-0.91669,1.3125,1.1625,-0.82638
1.0828,1.4562,-0.91669,1.3125,1.1625,-1.3946
1.622,1.4562,-0.91669,1.3125,1.1625,-1.7628
-0.85212,1.4562,-0.91669,0.29791,1.2207,-0.27483
-0.83626,1.4562,-0.91669,0.29791,1.2207,-0.096532
-0.81565,1.4562,-0.91669,0.29791,1.2207,0.080314
-0.78868,1.4562,-0.91669,0.29791,1.2207,0.24121
-0.75696,1.4562,-0.91669,0.29791,1.2207,0.34558
-0.71573,1.4562,-0.91669,0.29791,1.2207,0.65144
-0.6618,1.4562,-0.91669,0.29791,1.2207,0.81089
-0.59836,1.4562,-0.91669,0.29791,1.2207,0.80654
-0.51906,1.4562,-0.91669,0.29791,1.2207,0.74856
-0.40804,1.4562,-0.91669,0.29791,1.2207,0.48764
-0.28116,1.4562,-0.91669,0.29791,1.2207,0.31949
-0.12256,1.4562,-0.91669,0.29791,1.2207,0.1151
0.08362,1.4562,-0.91669,0.29791,1.2207,-0.19945
0.35324,1.4562,-0.91669,0.29791,1.2207,-0.56764
0.67044,1.4562,-0.91669,0.29791,1.2207,-1.1199
1.0828,1.4562,-0.91669,0.29791,1.2207,-1.7258
-0.85212,1.4562,-0.91669,-0.7231,1.3018,-0.44254
-0.83626,1.4562,-0.91669,-0.7231,1.3018,-0.28164
-0.81565,1.4562,-0.91669,-0.7231,1.3018,-0.049712
-0.78868,1.4562,-0.91669,-0.7231,1.3018,0.07495
-0.75696,1.4562,-0.91669,-0.7231,1.3018,0.16337
-0.71573,1.4562,-0.91669,-0.7231,1.3018,0.37791
-0.6618,1.4562,-0.91669,-0.7231,1.3018,0.51996
-0.59836,1.4562,-0.91669,-0.7231,1.3018,0.44314
-0.51906,1.4562,-0.91669,-0.7231,1.3018,0.27644
-0.40804,1.4562,-0.91669,-0.7231,1.3018,0.001023
-0.28116,1.4562,-0.91669,-0.7231,1.3018,-0.20192
-0.12256,1.4562,-0.91669,-0.7231,1.3018,-0.35122
0.08362,1.4562,-0.91669,-0.7231,1.3018,-0.62664
0.35324,1.4562,-0.91669,-0.7231,1.3018,-0.97453
0.67044,1.4562,-0.91669,-0.7231,1.3018,-1.5051
1.0828,1.4562,-0.91669,-0.7231,1.3018,-2.1994
-0.85212,1.4562,-0.91669,-1.2304,1.357,-0.70462
-0.83626,1.4562,-0.91669,-1.2304,1.357,-0.52343
-0.81565,1.4562,-0.91669,-1.2304,1.357,-0.2886
-0.78868,1.4562,-0.91669,-1.2304,1.357,-0.16394
-0.75696,1.4562,-0.91669,-1.2304,1.357,-0.16539
-0.71573,1.4562,-0.91669,-1.2304,1.357,-0.02188
-0.6618,1.4562,-0.91669,-1.2304,1.357,0.10423
-0.59836,1.4562,-0.91669,-1.2304,1.357,-0.045073
-0.51906,1.4562,-0.91669,-1.2304,1.357,-0.22917
-0.40804,1.4562,-0.91669,-1.2304,1.357,-0.48574
-0.28116,1.4562,-0.91669,-1.2304,1.357,-0.57996
-0.12256,1.4562,-0.91669,-1.2304,1.357,-0.70897
0.08362,1.4562,-0.91669,-1.2304,1.357,-0.98439
0.35324,1.4562,-0.91669,-1.2304,1.357,-1.3337
0.67044,1.4562,-0.91669,-1.2304,1.357,-1.8092
1.0828,1.4562,-0.91669,-1.2304,1.357,-2.4137
-0.85212,2.1827,-0.91669,1.3125,1.7474,-0.99018
-0.83626,2.1827,-0.91669,1.3125,1.7474,-0.82928
-0.81565,2.1827,-0.91669,1.3125,1.7474,-0.52198
-0.78868,2.1827,-0.91669,1.3125,1.7474,-0.14074
-0.75696,2.1827,-0.91669,1.3125,1.7474,0.31297
-0.71573,2.1827,-0.91669,1.3125,1.7474,0.51156
-0.6618,2.1827,-0.91669,1.3125,1.7474,-0.040724
-0.59836,2.1827,-0.91669,1.3125,1.7474,-0.42776
-0.51906,2.1827,-0.91669,1.3125,1.7474,-0.48574
-0.40804,2.1827,-0.91669,1.3125,1.7474,-0.61765
-0.28116,2.1827,-0.91669,1.3125,1.7474,-0.69303
-0.12256,2.1827,-0.91669,1.3125,1.7474,-0.9351
0.08362,2.1827,-0.91669,1.3125,1.7474,-1.2482
0.35324,2.1827,-0.91669,1.3125,1.7474,-1.7092
-0.85212,2.1827,-0.91669,-0.7231,1.9273,0.16497
-0.83626,2.1827,-0.91669,-0.7231,1.9273,0.34616
-0.81565,2.1827,-0.91669,-0.7231,1.9273,0.72885
-0.78868,2.1827,-0.91669,-0.7231,1.9273,0.83756
-0.75696,2.1827,-0.91669,-0.7231,1.9273,0.52301
-0.71573,2.1827,-0.91669,-0.7231,1.9273,-0.65403
-0.6618,2.1827,-0.91669,-0.7231,1.9273,-0.82073
-0.59836,2.1827,-0.91669,-0.7231,1.9273,-0.85987
-0.51906,2.1827,-0.91669,-0.7231,1.9273,-0.89901
-0.40804,2.1827,-0.91669,-0.7231,1.9273,-1.0483
-0.28116,2.1827,-0.91669,-0.7231,1.9273,-1.0309
-0.12256,2.1827,-0.91669,-0.7231,1.9273,-1.2541
0.08362,2.1827,-0.91669,-0.7231,1.9273,-1.7151
0.35324,2.1827,-0.91669,-0.7231,1.9273,-2.3413
-0.12256,-1.146,-1.1882,1.3125,-0.81665,1.2859
0.08362,-1.146,-1.1882,1.3125,-0.81665,1.7643
0.35324,-1.146,-1.1882,1.3125,-0.81665,1.9889
0.67044,-1.146,-1.1882,1.3125,-0.81665,1.7396
1.0828,-1.146,-1.1882,1.3125,-0.81665,1.4715
1.622,-1.146,-1.1882,1.3125,-0.81665,0.72928
2.2564,-1.146,-1.1882,1.3125,-0.81665,0.86264
3.0495,-1.146,-1.1882,1.3125,-0.81665,1.2134
4.1597,-1.146,-1.1882,1.3125,-0.81665,0.8177
5.4285,-1.146,-1.1882,1.3125,-0.81665,-0.23468
-0.28116,-1.146,-1.1882,0.29791,-0.81577,0.404
-0.12256,-1.146,-1.1882,0.29791,-0.81577,0.75914
0.08362,-1.146,-1.1882,0.29791,-0.81577,0.82147
0.35324,-1.146,-1.1882,0.29791,-0.81577,1.2158
0.67044,-1.146,-1.1882,0.29791,-0.81577,1.5897
1.0828,-1.146,-1.1882,0.29791,-0.81577,1.6332
1.622,-1.146,-1.1882,0.29791,-0.81577,1.6419
2.2564,-1.146,-1.1882,0.29791,-0.81577,1.41
3.0495,-1.146,-1.1882,0.29791,-0.81577,0.95918
4.1597,-1.146,-1.1882,0.29791,-0.81577,0.12279
5.4285,-1.146,-1.1882,0.29791,-0.81577,-0.4208
-0.40804,-1.146,-1.1882,-0.7231,-0.81454,-0.098562
-0.28116,-1.146,-1.1882,-0.7231,-0.81454,0.75233
-0.12256,-1.146,-1.1882,-0.7231,-0.81454,1.0147
0.08362,-1.146,-1.1882,-0.7231,-0.81454,1.2234
0.35324,-1.146,-1.1882,-0.7231,-0.81454,1.5235
0.67044,-1.146,-1.1882,-0.7231,-0.81454,1.696
1.0828,-1.146,-1.1882,-0.7231,-0.81454,1.738
1.622,-1.146,-1.1882,-0.7231,-0.81454,1.5989
2.2564,-1.146,-1.1882,-0.7231,-0.81454,1.2379
3.0495,-1.146,-1.1882,-0.7231,-0.81454,0.62042
4.1597,-1.146,-1.1882,-0.7231,-0.81454,0.021752
-0.59836,-1.146,-1.1882,-1.2304,-0.8137,0.04219
-0.51906,-1.146,-1.1882,-1.2304,-0.8137,0.45097
-0.40804,-1.146,-1.1882,-1.2304,-0.8137,0.64231
-0.28116,-1.146,-1.1882,-1.2304,-0.8137,0.84959
-0.12256,-1.146,-1.1882,-1.2304,-0.8137,1.1685
0.08362,-1.146,-1.1882,-1.2304,-0.8137,1.5062
0.35324,-1.146,-1.1882,-1.2304,-0.8137,1.7701
0.67044,-1.146,-1.1882,-1.2304,-0.8137,1.9962
1.0828,-1.146,-1.1882,-1.2304,-0.8137,1.986
1.622,-1.146,-1.1882,-1.2304,-0.8137,1.7933
2.2564,-1.146,-1.1882,-1.2304,-0.8137,1.3613
3.0495,-1.146,-1.1882,-1.2304,-0.8137,0.60027
4.1597,-1.146,-1.1882,-1.2304,-0.8137,0.11467
-0.28116,-0.33495,-1.1882,1.3125,-0.78259,0.51634
-0.12256,-0.33495,-1.1882,1.3125,-0.78259,0.86858
0.08362,-0.33495,-1.1882,1.3125,-0.78259,1.2382
0.35324,-0.33495,-1.1882,1.3125,-0.78259,1.4629
0.67044,-0.33495,-1.1882,1.3125,-0.78259,1.5412
1.0828,-0.33495,-1.1882,1.3125,-0.78259,1.4006
1.622,-0.33495,-1.1882,1.3125,-0.78259,0.9686
2.2564,-0.33495,-1.1882,1.3125,-0.78259,0.37138
3.0495,-0.33495,-1.1882,1.3125,-0.78259,0.41342
4.1597,-0.33495,-1.1882,1.3125,-0.78259,-0.091024
5.4285,-0.33495,-1.1882,1.3125,-0.78259,-0.74332
-0.40804,-0.33495,-1.1882,0.29791,-0.78072,-0.48733
-0.28116,-0.33495,-1.1882,0.29791,-0.78072,0.031609
-0.12256,-0.33495,-1.1882,0.29791,-0.78072,0.62448
0.08362,-0.33495,-1.1882,0.29791,-0.78072,1.0898
0.35324,-0.33495,-1.1882,0.29791,-0.78072,1.3174
0.67044,-0.33495,-1.1882,0.29791,-0.78072,1.5435
1.0828,-0.33495,-1.1882,0.29791,-0.78072,1.4971
1.622,-0.33495,-1.1882,0.29791,-0.78072,1.0651
2.2564,-0.33495,-1.1882,0.29791,-0.78072,0.30558
3.0495,-0.33495,-1.1882,0.29791,-0.78072,0.037407
4.1597,-0.33495,-1.1882,0.29791,-0.78072,-0.064062
5.4285,-0.33495,-1.1882,0.29791,-0.78072,-0.51487
-0.75696,-0.33495,-1.1882,-0.7231,-0.77812,-1.2278
-0.71573,-0.33495,-1.1882,-0.7231,-0.77812,-0.89002
-0.6618,-0.33495,-1.1882,-0.7231,-0.77812,-0.58996
-0.59836,-0.33495,-1.1882,-0.7231,-0.77812,-0.27251
-0.51906,-0.33495,-1.1882,-0.7231,-0.77812,0.02755
-0.40804,-0.33495,-1.1882,-0.7231,-0.77812,0.16381
-0.28116,-0.33495,-1.1882,-0.7231,-0.77812,0.59143
-0.12256,-0.33495,-1.1882,-0.7231,-0.77812,0.92773
0.08362,-0.33495,-1.1882,-0.7231,-0.77812,1.2466
0.35324,-0.33495,-1.1882,-0.7231,-0.77812,1.4728
0.67044,-0.33495,-1.1882,-0.7231,-0.77812,1.5351
1.0828,-0.33495,-1.1882,-0.7231,-0.77812,1.3771
1.622,-0.33495,-1.1882,-0.7231,-0.77812,0.94367
2.2564,-0.33495,-1.1882,-0.7231,-0.77812,0.1783
-0.75696,-0.33495,-1.1882,-1.2304,-0.77634,-1.2623
-0.71573,-0.33495,-1.1882,-1.2304,-0.77634,-0.68969
-0.6618,-0.33495,-1.1882,-1.2304,-0.77634,-0.31715
-0.59836,-0.33495,-1.1882,-1.2304,-0.77634,0.074226
-0.51906,-0.33495,-1.1882,-1.2304,-0.77634,0.37283
-0.40804,-0.33495,-1.1882,-1.2304,-0.77634,0.56273
-0.28116,-0.33495,-1.1882,-1.2304,-0.77634,0.77001
-0.12256,-0.33495,-1.1882,-1.2304,-0.77634,1.1237
0.08362,-0.33495,-1.1882,-1.2304,-0.77634,1.3672
0.35324,-0.33495,-1.1882,-1.2304,-0.77634,1.5209
0.67044,-0.33495,-1.1882,-1.2304,-0.77634,1.5093
1.0828,-0.33495,-1.1882,-1.2304,-0.77634,1.1686
1.622,-0.33495,-1.1882,-1.2304,-0.77634,0.31485
-0.71573,0.45922,-1.1882,1.3125,-0.52724,0.12902
-0.6618,0.45922,-1.1882,1.3125,-0.52724,0.34355
-0.59836,0.45922,-1.1882,1.3125,-0.52724,0.6842
-0.51906,0.45922,-1.1882,1.3125,-0.52724,0.98861
-0.40804,0.45922,-1.1882,1.3125,-0.52724,1.293
-0.28116,0.45922,-1.1882,1.3125,-0.52724,1.4699
-0.12256,0.45922,-1.1882,1.3125,-0.52724,1.6119
0.08362,0.45922,-1.1882,1.3125,-0.52724,1.6424
0.35324,0.45922,-1.1882,1.3125,-0.52724,1.3626
0.67044,0.45922,-1.1882,1.3125,-0.52724,0.92048
1.0828,0.45922,-1.1882,1.3125,-0.52724,0.34935
-0.78868,0.45922,-1.1882,0.29791,-0.51797,-0.563
-0.75696,0.45922,-1.1882,0.29791,-0.51797,-0.25424
-0.71573,0.45922,-1.1882,0.29791,-0.51797,0.089301
-0.6618,0.45922,-1.1882,0.29791,-0.51797,0.47053
-0.59836,0.45922,-1.1882,0.29791,-0.51797,0.79669
-0.51906,0.45922,-1.1882,0.29791,-0.51797,1.0678
-0.40804,0.45922,-1.1882,0.29791,-0.51797,1.1924
-0.28116,0.45922,-1.1882,0.29791,-0.51797,1.3359
-0.12256,0.45922,-1.1882,0.29791,-0.51797,1.3504
0.08362,0.45922,-1.1882,0.29791,-0.51797,1.22
0.35324,0.45922,-1.1882,0.29791,-0.51797,0.97788
0.67044,0.45922,-1.1882,0.29791,-0.51797,0.51837
1.0828,0.45922,-1.1882,0.29791,-0.51797,-0.088995
-0.85212,0.45922,-1.1882,-0.7231,-0.50506,-1.2701
-0.83626,0.45922,-1.1882,-0.7231,-0.50506,-1.1469
-0.81565,0.45922,-1.1882,-0.7231,-0.50506,-0.80334
-0.78868,0.45922,-1.1882,-0.7231,-0.50506,-0.53372
-0.75696,0.45922,-1.1882,-0.7231,-0.50506,-0.13654
-0.71573,0.45922,-1.1882,-0.7231,-0.50506,0.24324
-0.6618,0.45922,-1.1882,-0.7231,-0.50506,0.60563
-0.59836,0.45922,-1.1882,-0.7231,-0.50506,0.80277
-0.51906,0.45922,-1.1882,-0.7231,-0.50506,0.8883
-0.40804,0.45922,-1.1882,-0.7231,-0.50506,0.92019
-0.28116,0.45922,-1.1882,-0.7231,-0.50506,0.93323
-0.12256,0.45922,-1.1882,-0.7231,-0.50506,0.92744
0.08362,0.45922,-1.1882,-0.7231,-0.50506,0.73899
0.35324,0.45922,-1.1882,-0.7231,-0.50506,0.43893
0.67044,0.45922,-1.1882,-0.7231,-0.50506,0.030159
1.0828,0.45922,-1.1882,-0.7231,-0.50506,-0.65403
-0.85212,0.45922,-1.1882,-1.2304,-0.49627,-0.82479
-0.83626,0.45922,-1.1882,-1.2304,-0.49627,-0.68128
-0.81565,0.45922,-1.1882,-1.2304,-0.49627,-0.30005
-0.78868,0.45922,-1.1882,-1.2304,-0.49627,-0.011588
-0.75696,0.45922,-1.1882,-1.2304,-0.49627,0.29717
-0.71573,0.45922,-1.1882,-1.2304,-0.49627,0.60447
-0.6618,0.45922,-1.1882,-1.2304,-0.49627,0.8567
-0.59836,0.45922,-1.1882,-1.2304,-0.49627,0.94367
-0.51906,0.45922,-1.1882,-1.2304,-0.49627,0.95817
-0.40804,0.45922,-1.1882,-1.2304,-0.49627,0.89873
-0.28116,0.45922,-1.1882,-1.2304,-0.49627,0.82046
-0.12256,0.45922,-1.1882,-1.2304,-0.49627,0.76103
0.08362,0.45922,-1.1882,-1.2304,-0.49627,0.53634
0.35324,0.45922,-1.1882,-1.2304,-0.49627,0.27542
0.67044,0.45922,-1.1882,-1.2304,-0.49627,-0.059424
1.0828,0.45922,-1.1882,-1.2304,-0.49627,-0.59576
-0.83626,0.99993,-1.1882,1.3125,0.079156,-0.74477
-0.81565,0.99993,-1.1882,1.3125,0.079156,-0.27512
-0.78868,0.99993,-1.1882,1.3125,0.079156,0.030739
-0.75696,0.99993,-1.1882,1.3125,0.079156,0.29891
-0.71573,0.99993,-1.1882,1.3125,0.079156,0.58592
-0.6618,0.99993,-1.1882,1.3125,0.079156,0.799
-0.59836,0.99993,-1.1882,1.3125,0.079156,0.99469
-0.51906,0.99993,-1.1882,1.3125,0.079156,1.1904
-0.40804,0.99993,-1.1882,1.3125,0.079156,1.4049
-0.28116,0.99993,-1.1882,1.3125,0.079156,1.3614
-0.12256,0.99993,-1.1882,1.3125,0.079156,1.3368
0.08362,0.99993,-1.1882,1.3125,0.079156,1.2933
0.35324,0.99993,-1.1882,1.3125,0.079156,1.0106
0.67044,0.99993,-1.1882,1.3125,0.079156,0.60042
1.0828,0.99993,-1.1882,1.3125,0.079156,0.081473
1.622,0.99993,-1.1882,1.3125,0.079156,-0.62301
2.2564,0.99993,-1.1882,1.3125,0.079156,-1.5101
-0.83626,0.99993,-1.1882,-0.7231,0.14338,-0.47675
-0.81565,0.99993,-1.1882,-0.7231,0.14338,-0.18829
-0.78868,0.99993,-1.1882,-0.7231,0.14338,0.10017
-0.75696,0.99993,-1.1882,-0.7231,0.14338,0.3321
-0.71573,0.99993,-1.1882,-0.7231,0.14338,0.58432
-0.6618,0.99993,-1.1882,-0.7231,0.14338,0.78002
-0.59836,0.99993,-1.1882,-0.7231,0.14338,0.88583
-0.51906,0.99993,-1.1882,-0.7231,0.14338,0.86119
-0.40804,0.99993,-1.1882,-0.7231,0.14338,0.74523
-0.28116,0.99993,-1.1882,-0.7231,0.14338,0.68579
-0.12256,0.99993,-1.1882,-0.7231,0.14338,0.60752
0.08362,0.99993,-1.1882,-0.7231,0.14338,0.43647
0.35324,0.99993,-1.1882,-0.7231,0.14338,0.24658
0.67044,0.99993,-1.1882,-0.7231,0.14338,0.039291
1.0828,0.99993,-1.1882,-0.7231,0.14338,-0.24047
1.622,0.99993,-1.1882,-0.7231,0.14338,-0.61301
2.2564,0.99993,-1.1882,-0.7231,0.14338,-1.2784
-0.85212,1.7941,-1.1882,1.3125,0.37749,-1.7873
-0.83626,1.7941,-1.1882,1.3125,0.37749,-1.6003
-0.81565,1.7941,-1.1882,1.3125,0.37749,-1.3031
-0.78868,1.7941,-1.1882,1.3125,0.37749,-1.0785
-0.75696,1.7941,-1.1882,1.3125,0.37749,-0.72912
-0.71573,1.7941,-1.1882,1.3125,0.37749,-0.32324
-0.6618,1.7941,-1.1882,1.3125,0.37749,-0.081167
-0.59836,1.7941,-1.1882,1.3125,0.37749,0.14206
-0.51906,1.7941,-1.1882,1.3125,0.37749,0.22034
-0.40804,1.7941,-1.1882,1.3125,0.37749,0.22759
-0.28116,1.7941,-1.1882,1.3125,0.37749,0.28847
-0.12256,1.7941,-1.1882,1.3125,0.37749,0.27687
0.08362,1.7941,-1.1882,1.3125,0.37749,0.24643
0.35324,1.7941,-1.1882,1.3125,0.37749,0.10873
0.67044,1.7941,-1.1882,1.3125,0.37749,-0.24787
1.0828,1.7941,-1.1882,1.3125,0.37749,-0.71317
1.622,1.7941,-1.1882,1.3125,0.37749,-1.3582
-0.85212,1.7941,-1.1882,0.29791,0.41298,-2.1577
-0.83626,1.7941,-1.1882,0.29791,0.41298,-2.0794
-0.81565,1.7941,-1.1882,0.29791,0.41298,-1.8735
-0.78868,1.7941,-1.1882,0.29791,0.41298,-1.359
-0.75696,1.7941,-1.1882,0.29791,0.41298,-0.75594
-0.71573,1.7941,-1.1882,0.29791,0.41298,-0.35151
-0.6618,1.7941,-1.1882,0.29791,0.41298,-0.25294
-0.59836,1.7941,-1.1882,0.29791,0.41298,0.16888
-0.51906,1.7941,-1.1882,0.29791,0.41298,0.64724
-0.40804,1.7941,-1.1882,0.29791,0.41298,0.23701
-0.28116,1.7941,-1.1882,0.29791,0.41298,0.061614
-0.12256,1.7941,-1.1882,0.29791,0.41298,0.013779
0.08362,1.7941,-1.1882,0.29791,0.41298,-0.10653
0.35324,1.7941,-1.1882,0.29791,0.41298,-0.44428
0.67044,1.7941,-1.1882,0.29791,0.41298,-0.85451
1.0828,1.7941,-1.1882,0.29791,0.41298,-1.4459
-0.85212,1.7941,-1.1882,-0.7231,0.4624,-1.5644
-0.83626,1.7941,-1.1882,-0.7231,0.4624,-1.4672
-0.81565,1.7941,-1.1882,-0.7231,0.4624,-1.4049
-0.78868,1.7941,-1.1882,-0.7231,0.4624,-1.3614
-0.75696,1.7941,-1.1882,-0.7231,0.4624,-1.0614
-0.71573,1.7941,-1.1882,-0.7231,0.4624,-0.046667
-0.6618,1.7941,-1.1882,-0.7231,0.4624,1.5203
-0.59836,1.7941,-1.1882,-0.7231,0.4624,1.9479
-0.51906,1.7941,-1.1882,-0.7231,0.4624,0.94628
-0.40804,1.7941,-1.1882,-0.7231,0.4624,0.4027
-0.28116,1.7941,-1.1882,-0.7231,0.4624,0.26209
-0.12256,1.7941,-1.1882,-0.7231,0.4624,-0.098852
0.08362,1.7941,-1.1882,-0.7231,0.4624,-0.18438
0.35324,1.7941,-1.1882,-0.7231,0.4624,-0.30614
0.67044,1.7941,-1.1882,-0.7231,0.4624,-0.72216
-0.85212,1.7941,-1.1882,-1.2304,0.49605,-1.2597
-0.83626,1.7941,-1.1882,-1.2304,0.49605,-1.1422
-0.81565,1.7941,-1.1882,-1.2304,0.49605,-0.93061
-0.78868,1.7941,-1.1882,-1.2304,0.49605,-0.58996
-0.75696,1.7941,-1.1882,-1.2304,0.49605,0.41168
-0.71573,1.7941,-1.1882,-1.2304,0.49605,1.7467
-0.6618,1.7941,-1.1882,-1.2304,0.49605,2.0859
-0.59836,1.7941,-1.1882,-1.2304,0.49605,1.0089
-0.51906,1.7941,-1.1882,-1.2304,0.49605,0.503
-0.40804,1.7941,-1.1882,-1.2304,0.49605,0.29137
-0.28116,1.7941,-1.1882,-1.2304,0.49605,-0.06957
-0.12256,1.7941,-1.1882,-1.2304,0.49605,-0.097112
0.08362,1.7941,-1.1882,-1.2304,0.49605,-0.19858
0.35324,1.7941,-1.1882,-1.2304,0.49605,-0.41167
0.67044,1.7941,-1.1882,-1.2304,0.49605,-0.99149
-0.81565,2.6052,-1.1882,1.3125,0.78158,-1.3015
-0.78868,2.6052,-1.1882,1.3125,0.78158,-1.0015
-0.75696,2.6052,-1.1882,1.3125,0.78158,-0.99569
-0.71573,2.6052,-1.1882,1.3125,0.78158,-0.60576
-0.6618,2.6052,-1.1882,1.3125,0.78158,-0.23323
-0.59836,2.6052,-1.1882,1.3125,0.78158,1.3642
-0.51906,2.6052,-1.1882,1.3125,0.78158,2.3412
-0.40804,2.6052,-1.1882,1.3125,0.78158,1.0119
-0.28116,2.6052,-1.1882,1.3125,0.78158,0.34225
-0.12256,2.6052,-1.1882,1.3125,0.78158,0.1828
0.08362,2.6052,-1.1882,1.3125,0.78158,-0.10277
0.35324,2.6052,-1.1882,1.3125,0.78158,-0.13321
0.67044,2.6052,-1.1882,1.3125,0.78158,0.12916
1.0828,2.6052,-1.1882,1.3125,0.78158,-0.24772
1.622,2.6052,-1.1882,1.3125,0.78158,-0.46081
-0.85212,2.6052,-1.1882,-0.7231,0.8945,-1.2713
-0.83626,2.6052,-1.1882,-0.7231,0.8945,-1.0799
-0.81565,2.6052,-1.1882,-0.7231,0.8945,-0.59721
-0.78868,2.6052,-1.1882,-0.7231,0.8945,-0.20583
-0.75696,2.6052,-1.1882,-0.7231,0.8945,0.71609
-0.71573,2.6052,-1.1882,-0.7231,0.8945,1.767
-0.6618,2.6052,-1.1882,-0.7231,0.8945,1.7743
-0.59836,2.6052,-1.1882,-0.7231,0.8945,0.51895
-0.51906,2.6052,-1.1882,-0.7231,0.8945,0.23339
-0.40804,2.6052,-1.1882,-0.7231,0.8945,-0.37978
-0.28116,2.6052,-1.1882,-0.7231,0.8945,-0.51893
-0.12256,2.6052,-1.1882,-0.7231,0.8945,-0.51169
0.08362,2.6052,-1.1882,-0.7231,0.8945,-0.57692
0.35324,2.6052,-1.1882,-0.7231,0.8945,-0.75231
0.67044,2.6052,-1.1882,-0.7231,0.8945,-0.87263
-0.71573,-1.146,-0.37362,1.3125,-0.75506,-0.098707
-0.6618,-1.146,-0.37362,1.3125,-0.75506,0.28543
-0.59836,-1.146,-0.37362,1.3125,-0.75506,0.57824
-0.51906,-1.146,-0.37362,1.3125,-0.75506,0.79712
-0.40804,-1.146,-0.37362,1.3125,-0.75506,0.99861
-0.28116,-1.146,-0.37362,1.3125,-0.75506,1.0522
-0.12256,-1.146,-0.37362,1.3125,-0.75506,1.1247
0.08362,-1.146,-0.37362,1.3125,-0.75506,1.0319
0.35324,-1.146,-0.37362,1.3125,-0.75506,0.88409
0.67044,-1.146,-0.37362,1.3125,-0.75506,0.8638
1.0828,-1.146,-0.37362,1.3125,-0.75506,0.66086
1.622,-1.146,-0.37362,1.3125,-0.75506,0.091185
2.2564,-1.146,-0.37362,1.3125,-0.75506,-0.22192
3.0495,-1.146,-0.37362,1.3125,-0.75506,-0.7916
-0.71573,-1.146,-0.37362,0.29791,-0.74676,0.19338
-0.6618,-1.146,-0.37362,0.29791,-0.74676,0.44705
-0.59836,-1.146,-0.37362,0.29791,-0.74676,0.71957
-0.51906,-1.146,-0.37362,0.29791,-0.74676,0.95585
-0.40804,-1.146,-0.37362,0.29791,-0.74676,1.0457
-0.28116,-1.146,-0.37362,0.29791,-0.74676,1.1167
-0.12256,-1.146,-0.37362,0.29791,-0.74676,1.1892
0.08362,-1.146,-0.37362,0.29791,-0.74676,1.0066
0.35324,-1.146,-0.37362,0.29791,-0.74676,0.67608
0.67044,-1.146,-0.37362,0.29791,-0.74676,0.51083
1.0828,-1.146,-0.37362,0.29791,-0.74676,0.41951
1.622,-1.146,-0.37362,0.29791,-0.74676,-0.055945
2.2564,-1.146,-0.37362,0.29791,-0.74676,-0.42123
3.0495,-1.146,-0.37362,0.29791,-0.74676,-0.71404
-0.71573,-1.146,-0.37362,-0.7231,-0.73585,0.081908
-0.6618,-1.146,-0.37362,-0.7231,-0.73585,0.51678
-0.59836,-1.146,-0.37362,-0.7231,-0.73585,0.86177
-0.51906,-1.146,-0.37362,-0.7231,-0.73585,1.0778
-0.40804,-1.146,-0.37362,-0.7231,-0.73585,1.2213
-0.28116,-1.146,-0.37362,-0.7231,-0.73585,1.2198
-0.12256,-1.146,-0.37362,-0.7231,-0.73585,1.127
0.08362,-1.146,-0.37362,-0.7231,-0.73585,0.88786
0.35324,-1.146,-0.37362,-0.7231,-0.73585,0.4298
0.67044,-1.146,-0.37362,-0.7231,-0.73585,0.17178
1.0828,-1.146,-0.37362,-0.7231,-0.73585,0.11525
1.622,-1.146,-0.37362,-0.7231,-0.73585,-0.36166
2.2564,-1.146,-0.37362,-0.7231,-0.73585,-0.76463
-0.71573,-1.146,-0.37362,-1.2304,-0.73299,0.2286
-0.6618,-1.146,-0.37362,-1.2304,-0.73299,0.61129
-0.59836,-1.146,-0.37362,-1.2304,-0.73299,0.93889
-0.51906,-1.146,-0.37362,-1.2304,-0.73299,1.1926
-0.40804,-1.146,-0.37362,-1.2304,-0.73299,1.2636
-0.28116,-1.146,-0.37362,-1.2304,-0.73299,1.2056
-0.12256,-1.146,-0.37362,-1.2304,-0.73299,1.0389
0.08362,-1.146,-0.37362,-1.2304,-0.73299,0.74465
0.35324,-1.146,-0.37362,-1.2304,-0.73299,0.30398
0.67044,-1.146,-0.37362,-1.2304,-0.73299,-0.064207
1.0828,-1.146,-0.37362,-1.2304,-0.73299,-0.084501
1.622,-1.146,-0.37362,-1.2304,-0.73299,-0.67302
2.2564,-1.146,-0.37362,-1.2304,-0.73299,-1.2963
-0.6618,-0.58841,-0.37362,1.3125,-0.69289,0.90424
-0.59836,-0.58841,-0.37362,1.3125,-0.69289,0.95643
-0.51906,-0.58841,-0.37362,1.3125,-0.69289,1.0825
-0.40804,-0.58841,-0.37362,1.3125,-0.69289,1.2797
-0.28116,-0.58841,-0.37362,1.3125,-0.69289,1.3333
-0.12256,-0.58841,-0.37362,1.3125,-0.69289,1.313
0.08362,-0.58841,-0.37362,1.3125,-0.69289,1.055
0.35324,-0.58841,-0.37362,1.3125,-0.69289,0.5607
0.67044,-0.58841,-0.37362,1.3125,-0.69289,0.32152
1.0828,-0.58841,-0.37362,1.3125,-0.69289,0.0098653
1.622,-0.58841,-0.37362,1.3125,-0.69289,-0.52212
2.2564,-0.58841,-0.37362,1.3125,-0.69289,-1.1802
-0.71573,-0.58841,-0.37362,0.29791,-0.67899,0.25557
-0.6618,-0.58841,-0.37362,0.29791,-0.67899,0.62085
-0.59836,-0.58841,-0.37362,0.29791,-0.67899,0.91221
-0.51906,-0.58841,-0.37362,0.29791,-0.67899,1.1499
-0.40804,-0.58841,-0.37362,0.29791,-0.67899,1.2775
-0.28116,-0.58841,-0.37362,0.29791,-0.67899,1.2775
-0.12256,-0.58841,-0.37362,0.29791,-0.67899,1.1673
0.08362,-0.58841,-0.37362,0.29791,-0.67899,0.83974
0.35324,-0.58841,-0.37362,0.29791,-0.67899,0.34689
0.67044,-0.58841,-0.37362,0.29791,-0.67899,0.00044316
1.0828,-0.58841,-0.37362,0.29791,-0.67899,-0.14451
1.622,-0.58841,-0.37362,0.29791,-0.67899,-0.61852
2.2564,-0.58841,-0.37362,0.29791,-0.67899,-1.3303
-0.71573,-0.58841,-0.37362,-0.7231,-0.66071,0.35008
-0.6618,-0.58841,-0.37362,-0.7231,-0.66071,0.74726
-0.59836,-0.58841,-0.37362,-0.7231,-0.66071,1.0343
-0.51906,-0.58841,-0.37362,-0.7231,-0.66071,1.214
-0.40804,-0.58841,-0.37362,-0.7231,-0.66071,1.1937
-0.28116,-0.58841,-0.37362,-0.7231,-0.66071,1.0821
-0.12256,-0.58841,-0.37362,-0.7231,-0.66071,0.86322
0.08362,-0.58841,-0.37362,-0.7231,-0.66071,0.51678
0.35324,-0.58841,-0.37362,-0.7231,-0.66071,0.0065313
0.67044,-0.58841,-0.37362,-0.7231,-0.66071,-0.35731
1.0828,-0.58841,-0.37362,-0.7231,-0.66071,-0.57764
1.622,-0.58841,-0.37362,-0.7231,-0.66071,-0.97772
2.2564,-0.58841,-0.37362,-0.7231,-0.66071,-1.3792
-0.71573,-0.58841,-0.37362,-1.2304,-0.65592,0.59665
-0.6618,-0.58841,-0.37362,-1.2304,-0.65592,0.94599
-0.59836,-0.58841,-0.37362,-1.2304,-0.65592,1.1852
-0.51906,-0.58841,-0.37362,-1.2304,-0.65592,1.3316
-0.40804,-0.58841,-0.37362,-1.2304,-0.65592,1.2417
-0.28116,-0.58841,-0.37362,-1.2304,-0.65592,0.98658
-0.12256,-0.58841,-0.37362,-1.2304,-0.65592,0.80538
0.08362,-0.58841,-0.37362,-1.2304,-0.65592,0.49518
0.35324,-0.58841,-0.37362,-1.2304,-0.65592,0.0023276
0.67044,-0.58841,-0.37362,-1.2304,-0.65592,-0.3992
1.0828,-0.58841,-0.37362,-1.2304,-0.65592,-0.59924
1.622,-0.58841,-0.37362,-1.2304,-0.65592,-1.0732
-0.71573,-0.013907,-0.37362,1.3125,-0.48341,0.95846
-0.6618,-0.013907,-0.37362,1.3125,-0.48341,1.3977
-0.59836,-0.013907,-0.37362,1.3125,-0.48341,1.7282
-0.51906,-0.013907,-0.37362,1.3125,-0.48341,1.8586
-0.40804,-0.013907,-0.37362,1.3125,-0.48341,1.7166
-0.28116,-0.013907,-0.37362,1.3125,-0.48341,1.4107
-0.12256,-0.013907,-0.37362,1.3125,-0.48341,0.95991
0.08362,-0.013907,-0.37362,1.3125,-0.48341,-0.054785
-0.75696,-0.013907,-0.37362,0.29791,-0.45064,0.65332
-0.71573,-0.013907,-0.37362,0.29791,-0.45064,1.1868
-0.6618,-0.013907,-0.37362,0.29791,-0.45064,1.6115
-0.59836,-0.013907,-0.37362,0.29791,-0.45064,1.797
-0.51906,-0.013907,-0.37362,0.29791,-0.45064,1.7463
-0.40804,-0.013907,-0.37362,0.29791,-0.45064,1.2781
-0.28116,-0.013907,-0.37362,0.29791,-0.45064,0.69826
-0.12256,-0.013907,-0.37362,0.29791,-0.45064,-0.081602
-0.78868,-0.013907,-0.37362,-0.7231,-0.40753,0.50141
-0.75696,-0.013907,-0.37362,-0.7231,-0.40753,0.88699
-0.71573,-0.013907,-0.37362,-0.7231,-0.40753,1.2349
-0.6618,-0.013907,-0.37362,-0.7231,-0.40753,1.419
-0.59836,-0.013907,-0.37362,-0.7231,-0.40753,1.403
-0.51906,-0.013907,-0.37362,-0.7231,-0.40753,1.0957
-0.40804,-0.013907,-0.37362,-0.7231,-0.40753,0.36805
-0.28116,-0.013907,-0.37362,-0.7231,-0.40753,-0.37702
-0.81565,-0.013907,-0.37362,-1.2304,-0.39624,0.2073
-0.78868,-0.013907,-0.37362,-1.2304,-0.39624,0.50156
-0.75696,-0.013907,-0.37362,-1.2304,-0.39624,0.77842
-0.71573,-0.013907,-0.37362,-1.2304,-0.39624,1.0553
-0.6618,-0.013907,-0.37362,-1.2304,-0.39624,1.1669
-0.59836,-0.013907,-0.37362,-1.2304,-0.39624,0.98571
-0.51906,-0.013907,-0.37362,-1.2304,-0.39624,0.64071
-0.40804,-0.013907,-0.37362,-1.2304,-0.39624,-0.07102
-0.28116,-0.013907,-0.37362,-1.2304,-0.39624,-0.63635
-0.85212,0.35783,-0.37362,1.3125,-0.063199,1.2563
-0.83626,0.35783,-0.37362,1.3125,-0.063199,1.4056
-0.81565,0.35783,-0.37362,1.3125,-0.063199,1.7028
-0.78868,0.35783,-0.37362,1.3125,-0.063199,1.926
-0.75696,0.35783,-0.37362,1.3125,-0.063199,1.984
-0.71573,0.35783,-0.37362,1.3125,-0.063199,1.9695
-0.6618,0.35783,-0.37362,1.3125,-0.063199,1.8811
-0.59836,0.35783,-0.37362,1.3125,-0.063199,1.5361
-0.51906,0.35783,-0.37362,1.3125,-0.063199,1.1534
-0.40804,0.35783,-0.37362,1.3125,-0.063199,0.56925
-0.28116,0.35783,-0.37362,1.3125,-0.063199,-0.0874
-0.12256,0.35783,-0.37362,1.3125,-0.063199,-0.17582
0.08362,0.35783,-0.37362,1.3125,-0.063199,-0.22801
0.35324,0.35783,-0.37362,1.3125,-0.063199,-0.66577
0.67044,0.35783,-0.37362,1.3125,-0.063199,-1.176
1.0828,0.35783,-0.37362,1.3125,-0.063199,-1.0992
-0.85212,0.35783,-0.37362,-0.7231,0.10036,1.2443
-0.83626,0.35783,-0.37362,-0.7231,0.10036,1.3777
-0.81565,0.35783,-0.37362,-0.7231,0.10036,1.5284
-0.78868,0.35783,-0.37362,-0.7231,0.10036,1.5516
-0.75696,0.35783,-0.37362,-0.7231,0.10036,1.2979
-0.71573,0.35783,-0.37362,-0.7231,0.10036,1.0269
-0.6618,0.35783,-0.37362,-0.7231,0.10036,0.88482
-0.59836,0.35783,-0.37362,-0.7231,0.10036,0.68768
-0.51906,0.35783,-0.37362,-0.7231,0.10036,0.41661
-0.40804,0.35783,-0.37362,-0.7231,0.10036,-0.14727
-0.28116,0.35783,-0.37362,-0.7231,0.10036,-0.84016
-0.12256,0.35783,-0.37362,-0.7231,0.10036,-0.81841
0.08362,0.35783,-0.37362,-0.7231,0.10036,-0.79522
0.35324,0.35783,-0.37362,-0.7231,0.10036,-1.2489
0.67044,0.35783,-0.37362,-0.7231,0.10036,-1.7041
1.0828,0.35783,-0.37362,-0.7231,0.10036,-1.6997
-0.85212,0.93234,-0.37362,1.3125,1.7216,0.83379
-0.83626,0.93234,-0.37362,1.3125,1.7216,0.97585
-0.81565,0.93234,-0.37362,1.3125,1.7216,1.7731
-0.78868,0.93234,-0.37362,1.3125,1.7216,2.1152
-0.75696,0.93234,-0.37362,1.3125,1.7216,2.221
-0.71573,0.93234,-0.37362,1.3125,1.7216,1.5267
-0.6618,0.93234,-0.37362,1.3125,1.7216,0.35979
-0.59836,0.93234,-0.37362,1.3125,1.7216,0.44821
-0.51906,0.93234,-0.37362,1.3125,1.7216,0.26267
-0.40804,0.93234,-0.37362,1.3125,1.7216,-0.012748
-0.28116,0.93234,-0.37362,1.3125,1.7216,-0.37949
-0.12256,0.93234,-0.37362,1.3125,1.7216,-0.50995
0.08362,0.93234,-0.37362,1.3125,1.7216,-0.58532
0.35324,0.93234,-0.37362,1.3125,1.7216,-0.9883
0.67044,0.93234,-0.37362,1.3125,1.7216,-1.2652
1.0828,0.93234,-0.37362,1.3125,1.7216,-1.5768
-0.85212,0.93234,-0.37362,0.29791,1.9531,1.0825
-0.83626,0.93234,-0.37362,0.29791,1.9531,1.226
-0.81565,0.93234,-0.37362,0.29791,1.9531,1.571
-0.78868,0.93234,-0.37362,0.29791,1.9531,1.6783
-0.75696,0.93234,-0.37362,0.29791,1.9531,1.2956
-0.71573,0.93234,-0.37362,0.29791,1.9531,-0.085806
-0.6618,0.93234,-0.37362,0.29791,1.9531,0.040306
-0.59836,0.93234,-0.37362,0.29791,1.9531,0.09394
-0.51906,0.93234,-0.37362,0.29791,1.9531,-0.090154
-0.40804,0.93234,-0.37362,0.29791,1.9531,-0.4366
-0.28116,0.93234,-0.37362,0.29791,1.9531,-0.90915
-0.12256,0.93234,-0.37362,0.29791,1.9531,-1.128
0.08362,0.93234,-0.37362,0.29791,1.9531,-1.1483
0.35324,0.93234,-0.37362,0.29791,1.9531,-1.5122
0.67044,0.93234,-0.37362,0.29791,1.9531,-1.8586
1.0828,0.93234,-0.37362,0.29791,1.9531,-2.1326
-0.85212,0.93234,-0.37362,-0.7231,2.2575,0.53765
-0.83626,0.93234,-0.37362,-0.7231,2.2575,0.70145
-0.81565,0.93234,-0.37362,-0.7231,2.2575,0.66376
-0.78868,0.93234,-0.37362,-0.7231,2.2575,0.49706
-0.75696,0.93234,-0.37362,-0.7231,2.2575,-0.38137
-0.71573,0.93234,-0.37362,-0.7231,2.2575,-0.51038
-0.6618,0.93234,-0.37362,-0.7231,2.2575,-0.36543
-0.59836,0.93234,-0.37362,-0.7231,2.2575,-0.34803
-0.51906,0.93234,-0.37362,-0.7231,2.2575,-0.53212
-0.40804,0.93234,-0.37362,-0.7231,2.2575,-1.009
-0.28116,0.93234,-0.37362,-0.7231,2.2575,-1.5584
-0.12256,0.93234,-0.37362,-0.7231,2.2575,-1.67
0.08362,0.93234,-0.37362,-0.7231,2.2575,-1.7077
0.35324,0.93234,-0.37362,-0.7231,2.2575,-2.0194
0.67044,0.93234,-0.37362,-0.7231,2.2575,-2.3499
1.0828,0.93234,-0.37362,-0.7231,2.2575,-2.4426
-0.85212,0.93234,-0.37362,-1.2304,2.3373,0.021897
-0.83626,0.93234,-0.37362,-1.2304,2.3373,0.14801
-0.81565,0.93234,-0.37362,-1.2304,2.3373,-0.017241
-0.78868,0.93234,-0.37362,-1.2304,2.3373,-0.23612
-0.75696,0.93234,-0.37362,-1.2304,2.3373,-0.89422
-0.71573,0.93234,-0.37362,-1.2304,2.3373,-0.80435
-0.6618,0.93234,-0.37362,-1.2304,2.3373,-0.69563
-0.59836,0.93234,-0.37362,-1.2304,2.3373,-0.73332
-0.51906,0.93234,-0.37362,-1.2304,2.3373,-0.87973
-0.40804,0.93234,-0.37362,-1.2304,2.3373,-1.5016
-0.28116,0.93234,-0.37362,-1.2304,2.3373,-2.0858
-0.12256,0.93234,-0.37362,-1.2304,2.3373,-2.1046
0.08362,0.93234,-0.37362,-1.2304,2.3373,-2.1061
0.35324,0.93234,-0.37362,-1.2304,2.3373,-2.3815
0.67044,0.93234,-0.37362,-1.2304,2.3373,-2.5641
1.0828,0.93234,-0.37362,-1.2304,2.3373,-2.5467
-0.85212,1.4899,-0.37362,1.3125,2.478,0.87873
-0.83626,1.4899,-0.37362,1.3125,2.478,1.0614
-0.81565,1.4899,-0.37362,1.3125,2.478,1.3006
-0.78868,1.4899,-0.37362,1.3125,2.478,1.3368
-0.75696,1.4899,-0.37362,1.3125,2.478,0.84104
-0.71573,1.4899,-0.37362,1.3125,2.478,-0.36934
-0.6618,1.4899,-0.37362,1.3125,2.478,-0.093923
-0.59836,1.4899,-0.37362,1.3125,2.478,-0.057684
-0.51906,1.4899,-0.37362,1.3125,2.478,-0.24033
-0.40804,1.4899,-0.37362,1.3125,2.478,-0.47951
-0.28116,1.4899,-0.37362,1.3125,2.478,-0.71723
-0.12256,1.4899,-0.37362,1.3125,2.478,-0.84624
0.08362,1.4899,-0.37362,1.3125,2.478,-1.213
0.35324,1.4899,-0.37362,1.3125,2.478,-1.6725
-0.85212,1.4899,-0.37362,-0.7231,3.1717,-0.19162
-0.83626,1.4899,-0.37362,-0.7231,3.1717,-0.027823
-0.81565,1.4899,-0.37362,-0.7231,3.1717,-0.30179
-0.78868,1.4899,-0.37362,-0.7231,3.1717,-0.63084
-0.75696,1.4899,-0.37362,-0.7231,3.1717,-1.3817
-0.71573,1.4899,-0.37362,-0.7231,3.1717,-0.97873
-0.6618,1.4899,-0.37362,-0.7231,3.1717,-0.85117
-0.59836,1.4899,-0.37362,-0.7231,3.1717,-0.81348
-0.51906,1.4899,-0.37362,-0.7231,3.1717,-0.95989
-0.40804,1.4899,-0.37362,-0.7231,3.1717,-1.4904
-0.28116,1.4899,-0.37362,-0.7231,3.1717,-2.021
-0.12256,1.4899,-0.37362,-0.7231,3.1717,-2.1123
0.08362,1.4899,-0.37362,-0.7231,3.1717,-2.2587
0.35324,1.4899,-0.37362,-0.7231,3.1717,-2.6428
0.67044,1.4899,-0.37362,-0.7231,3.1717,-2.6979
1.0828,1.4899,-0.37362,-0.7231,3.1717,-2.9907
