2.4767,-0.85647,-0.84673,-0.91632,-0.62015,0.86274,-1.2171,-0.2796,2.6441
2.4767,-0.85647,-0.84673,-0.91632,-0.62015,1.0557,-1.2171,-0.2796,1.5607
0.49119,0.79514,-0.84673,2.1744,-1.0386,-0.52626,-2.2398,3.5513,0.2665
0.49119,0.79514,-0.84673,2.1744,-1.0386,-0.52626,-2.2398,5.0552,0.31319
-0.79007,0.67808,-0.84673,0.48856,-1.0386,0.070492,0.64757,4.9761,0.50773
-0.14514,0.46482,-0.84673,2.1744,-1.0386,-0.52626,-1.2919,0.70188,0.67115
0.9457,0.2446,-0.84673,2.1744,-1.0386,-0.52626,-2.2398,5.0552,0.47182
0.9457,0.2446,-0.84673,2.1744,-1.0386,-0.52626,-2.2398,-0.2796,0.037834
-0.14514,0.46482,-0.84673,2.1744,-1.0386,-0.52626,-1.2919,-0.2796,0.60051
1.8547,-0.85647,-0.84673,2.1744,-1.0386,-0.52626,-2.2398,-0.2796,0.20784
-0.79007,0.67808,-0.84673,0.48856,-1.0386,0.070492,0.64757,0.70188,0.13481
-0.79007,0.67808,-0.84673,0.48856,-1.0386,0.070492,0.64757,-0.2796,-0.46678
1.4002,-0.30593,-0.84673,2.1744,-1.0386,-0.52626,-2.2398,3.5513,0.43051
-0.87237,1.3457,-0.84673,2.1744,-1.0386,-0.52626,-1.2919,0.70188,0.38981
0.21848,0.024388,-0.84673,2.1744,-1.0386,-0.52626,-1.2919,-0.2796,0.71784
0.9457,-0.85647,-0.84673,2.1744,-1.0386,-0.52626,-1.2919,0.70188,1.0231
-1.3546,1.5705,-0.84673,0.48856,-1.0386,0.95276,0.41558,0.70188,0.21203
0.58209,-0.41604,-0.84673,2.1744,-1.0386,-0.52626,-1.2919,5.0552,1.2165
0.9457,0.2446,-0.84673,2.1744,-1.0386,-0.52626,-2.2398,0.70188,0.28386
1.8547,-0.85647,-0.84673,2.1744,-1.0386,-0.52626,-2.2398,2.1266,0.40717
1.4002,-0.30593,-0.84673,2.1744,-1.0386,-0.52626,-2.2398,2.1266,0.36048
-1.3546,1.5705,-0.84673,0.48856,-1.0386,0.95276,0.41558,-0.2796,-0.45361
-1.3546,1.5705,-0.84673,0.48856,-1.0386,0.95276,0.41558,-0.67536,-1.6616
-1.3546,1.5705,-0.84673,0.48856,-1.0386,0.95276,0.41558,2.1266,0.50234
0.9457,-0.85647,-0.84673,2.1744,-1.0386,-0.52626,-1.2919,5.0552,0.99978
0.9457,-0.85647,-0.84673,2.1744,-1.0386,-0.52626,-1.2919,3.5513,1.0465
0.9457,0.2446,-0.84673,2.1744,-1.0386,-0.52626,-2.2398,3.5513,0.31917
0.58209,-0.41604,-0.84673,2.1744,-1.0386,-0.52626,-1.2919,2.1266,0.97583
1.4002,-0.30593,-0.84673,2.1744,-1.0386,-0.52626,-2.2398,-0.2796,0.096496
1.8547,-0.85647,-0.84673,2.1744,-1.0386,-0.52626,-2.2398,-0.61203,0.16653
0.21848,0.024388,-0.84673,2.1744,-1.0386,-0.52626,-1.2919,5.0552,1.1638
-0.14514,0.46482,-0.84673,2.1744,-1.0386,-0.52626,-1.2919,5.0552,1.0231
-0.79007,0.67808,-0.84673,0.48856,-1.0386,0.070492,0.64757,2.1266,0.35329
1.8547,-0.85647,-0.84673,2.1744,-1.0386,-0.52626,-2.2398,3.5513,0.37784
-0.87237,1.3457,-0.84673,2.1744,-1.0386,-0.52626,-1.2919,5.0552,1.0698
-0.41785,1.8962,-0.84673,2.1744,-1.0386,-0.52626,-2.2398,3.5513,0.15516
-0.41785,1.8962,-0.84673,2.1744,-1.0386,-0.52626,-2.2398,-0.2796,-0.34347
0.49119,0.79514,-0.84673,2.1744,-1.0386,-0.52626,-2.2398,0.70188,0.11386
1.8547,-0.85647,-0.84673,2.1744,-1.0386,-0.52626,-2.2398,0.70188,0.38382
-0.41785,1.8962,-0.84673,2.1744,-1.0386,-0.52626,-2.2398,2.1266,0.025862
0.58209,-0.41604,-0.84673,2.1744,-1.0386,-0.52626,-1.2919,0.70188,0.87647
1.4002,-0.30593,-0.84673,2.1744,-1.0386,-0.52626,-2.2398,5.0552,0.47182
-0.41785,1.8962,-0.84673,2.1744,-1.0386,-0.52626,-2.2398,5.0552,0.19048
0.9457,-0.85647,-0.84673,2.1744,-1.0386,-0.52626,-1.2919,2.1266,1.0345
1.4002,-0.30593,-0.84673,2.1744,-1.0386,-0.52626,-2.2398,0.70188,0.34252
1.4002,-0.30593,-0.84673,2.1744,-1.0386,-0.52626,-2.2398,-0.61203,-0.044174
0.64907,-0.85647,-0.84673,0.48856,-1.0386,0.95276,0.41558,-0.67536,-1.2432
0.9457,0.2446,-0.84673,2.1744,-1.0386,-0.52626,-2.2398,2.1266,0.29583
-0.41785,1.8962,-0.84673,2.1744,-1.0386,-0.52626,-2.2398,-0.61203,-0.57214
0.9457,0.2446,-0.84673,2.1744,-1.0386,-0.52626,-2.2398,-0.61203,-0.17946
0.49119,0.79514,-0.84673,2.1744,-1.0386,-0.52626,-2.2398,2.1266,0.23717
-0.87237,1.3457,-0.84673,2.1744,-1.0386,-0.52626,-1.2919,2.1266,0.66516
-0.41785,1.8962,-0.84673,2.1744,-1.0386,-0.52626,-2.2398,0.70188,-0.1615
0.21848,0.024388,-0.84673,2.1744,-1.0386,-0.52626,-1.2919,0.70188,0.80045
-1.3546,1.5705,-0.84673,0.48856,-1.0386,0.95276,0.41558,-0.61203,-1.2707
-0.79007,0.67808,-0.84673,0.48856,-1.0386,0.070492,0.64757,-0.61203,-1.2677
1.8547,-0.85647,-0.84673,2.1744,-1.0386,-0.52626,-2.2398,5.0552,0.36586
-0.79007,0.67808,-0.84673,0.48856,-1.0386,0.070492,0.64757,-0.67536,-1.5975
0.21848,0.024388,-0.84673,2.1744,-1.0386,-0.52626,-1.2919,2.1266,0.9058
0.49119,0.79514,-0.84673,2.1744,-1.0386,-0.52626,-2.2398,-0.2796,-0.16748
0.21848,0.024388,-0.84673,2.1744,-1.0386,-0.52626,-1.2919,3.5513,1.1111
-0.14514,0.46482,-0.84673,2.1744,-1.0386,-0.52626,-1.2919,3.5513,0.95249
0.27589,-0.85647,-0.84673,0.48856,-1.0386,-0.02468,0.96063,-0.67536,-1.5532
-0.87237,1.3457,-0.84673,2.1744,-1.0386,-0.52626,-1.2919,3.5513,0.88844
-0.14514,0.46482,-0.84673,2.1744,-1.0386,-0.52626,-1.2919,2.1266,0.77111
0.58209,-0.41604,-0.84673,2.1744,-1.0386,-0.52626,-1.2919,3.5513,1.1518
-1.3546,1.5705,-0.84673,0.48856,-1.0386,0.95276,0.41558,4.9761,0.53168
0.49119,0.79514,-0.84673,2.1744,-1.0386,-0.52626,-2.2398,-0.61203,-0.3315
-0.87237,1.3457,-0.84673,2.1744,-1.0386,-0.52626,-1.2919,-0.2796,0.30181
1.9504,-0.85647,-0.84673,-1.6656,-1.0386,1.8916,0.32952,-0.2796,2.1652
0.88829,1.3364,-0.84673,-0.537,0.65207,-0.60214,-0.21054,-0.67536,-0.084879
0.30747,2.1825,-0.84673,-0.28413,0.40097,0.95148,-2.0178,-0.67536,-0.42009
1.3763,0.37557,-0.84673,-1.3144,1.7234,-1.5539,1.4159,-0.67536,-0.14474
1.3763,0.37557,-0.84673,-1.4127,2.0749,-0.47482,0.37567,-0.67536,0.028855
0.89786,0.23069,-0.84673,-2.5741,2.8784,-1.5539,2.7317,-0.67536,-0.40812
1.8547,0.52045,-0.84673,-0.021882,0.45119,-1.5539,0.098777,-0.67536,0.11864
1.7973,0.50191,-0.84673,-2.0496,4.3515,-1.5539,0.83466,-0.67536,0.26231
1.3763,0.37557,-0.84673,-1.3144,1.7234,-1.5539,1.4159,-0.67536,-0.14474
1.028,0.26894,-0.84673,-1.1083,0.98686,-1.5539,1.8973,-0.67536,-0.46199
2.3935,-0.85647,-0.84673,-1.8623,3.6819,-1.5539,1.4982,-0.67536,0.32815
1.3763,0.37557,-0.84673,-1.3144,1.7234,-1.5539,1.4159,-0.67536,-0.14474
0.36009,1.6065,-0.84673,-1.2113,1.3551,-1.5539,1.3323,-0.67536,-0.63559
1.1543,0.24113,-0.84673,-1.6,0.86968,-0.33592,0.97934,-0.67536,0.31618
0.77921,1.3341,-0.84673,-0.78051,0.90316,-0.36293,-0.22177,-0.67536,-0.031005
0.40698,2.4213,-0.84673,0.10456,0.68555,-0.38865,-1.4179,-0.67536,-0.45002
0.94092,0.89598,-0.84673,-1.2956,1.623,2.0755,-2.1026,-0.67536,-0.43206
0.77921,1.3341,-0.84673,-0.78051,0.90316,-0.36293,-0.22177,-0.67536,-0.031005
0.049108,1.472,-0.84673,-1.7265,0.8362,0.40745,0.37567,-0.67536,-0.68348
0.77921,1.3341,-0.84673,-0.78051,0.90316,-0.36293,-0.22177,-0.67536,-0.031005
1.5103,1.195,-0.84673,0.20758,0.81946,-1.132,-0.8192,-0.67536,0.20843
1.0404,1.3341,-0.84673,-1.6703,2.6441,-0.36293,-0.22177,-0.67536,0.28625
0.77921,1.3341,-0.84673,-0.78051,0.90316,-0.36293,-0.22177,-0.67536,-0.031005
0.54286,1.3341,-0.84673,-0.31222,0.55163,-0.36293,-0.22177,-0.67536,-0.70143
0.88829,1.3364,-0.84673,-0.537,0.65207,-0.60214,-0.21054,-0.61203,0.62147
0.30747,2.1825,-0.84673,-0.28413,0.40097,0.95148,-2.0178,-0.61203,0.41794
1.3763,0.37557,-0.84673,-1.3144,1.7234,-1.5539,1.4159,-0.61203,0.80104
1.3763,0.37557,-0.84673,-1.4127,2.0749,-0.47482,0.37567,-0.61203,0.65738
0.89786,0.23069,-0.84673,-2.5741,2.8784,-1.5539,2.7317,-0.61203,0.59154
1.8547,0.52045,-0.84673,-0.021882,0.45119,-1.5539,0.098777,-0.61203,1.1841
1.7973,0.50191,-0.84673,-2.0496,4.3515,-1.5539,0.83466,-0.61203,1.1422
1.3763,0.37557,-0.84673,-1.3144,1.7234,-1.5539,1.4159,-0.61203,0.80104
1.028,0.26894,-0.84673,-1.1083,0.98686,-1.5539,1.8973,-0.61203,-0.054949
2.3935,-0.85647,-0.84673,-1.8623,3.6819,-1.5539,1.4982,-0.61203,0.66337
1.3763,0.37557,-0.84673,-1.3144,1.7234,-1.5539,1.4159,-0.61203,0.80104
0.36009,1.6065,-0.84673,-1.2113,1.3551,-1.5539,1.3323,-0.61203,-0.14474
1.1543,0.24113,-0.84673,-1.6,0.86968,-0.33592,0.97934,-0.61203,1.0944
0.77921,1.3341,-0.84673,-0.78051,0.90316,-0.36293,-0.22177,-0.61203,1.2021
0.40698,2.4213,-0.84673,0.10456,0.68555,-0.38865,-1.4179,-0.61203,0.83696
0.94092,0.89598,-0.84673,-1.2956,1.623,2.0755,-2.1026,-0.61203,0.67534
0.77921,1.3341,-0.84673,-0.78051,0.90316,-0.36293,-0.22177,-0.61203,1.2021
0.049108,1.472,-0.84673,-1.7265,0.8362,0.40745,0.37567,-0.61203,0.13062
0.77921,1.3341,-0.84673,-0.78051,0.90316,-0.36293,-0.22177,-0.61203,1.2021
1.5103,1.195,-0.84673,0.20758,0.81946,-1.132,-0.8192,-0.61203,1.2141
1.0404,1.3341,-0.84673,-1.6703,2.6441,-0.36293,-0.22177,-0.61203,1.3931
0.77921,1.3341,-0.84673,-0.78051,0.90316,-0.36293,-0.22177,-0.61203,-0.77326
0.54286,1.3341,-0.84673,-0.31222,0.55163,-0.36293,-0.22177,-0.61203,-0.042977
0.88829,1.3364,-0.84673,-0.537,0.65207,-0.60214,-0.21054,-0.2796,1.5128
0.30747,2.1825,-0.84673,-0.28413,0.40097,0.95148,-2.0178,-0.2796,1.4356
1.3763,0.37557,-0.84673,-1.3144,1.7234,-1.5539,1.4159,-0.2796,1.4649
1.3763,0.37557,-0.84673,-1.4127,2.0749,-0.47482,0.37567,-0.2796,1.5553
0.89786,0.23069,-0.84673,-2.5741,2.8784,-1.5539,2.7317,-0.2796,1.25
1.8547,0.52045,-0.84673,-0.021882,0.45119,-1.5539,0.098777,-0.2796,1.9444
1.7973,0.50191,-0.84673,-2.0496,4.3515,-1.5539,0.83466,-0.2796,1.8606
1.3763,0.37557,-0.84673,-1.3144,1.7234,-1.5539,1.4159,-0.2796,1.4649
1.028,0.26894,-0.84673,-1.1083,0.98686,-1.5539,1.8973,-0.2796,0.89083
2.3935,-0.85647,-0.84673,-1.8623,3.6819,-1.5539,1.4982,-0.2796,1.232
1.3763,0.37557,-0.84673,-1.3144,1.7234,-1.5539,1.4159,-0.2796,1.4649
0.36009,1.6065,-0.84673,-1.2113,1.3551,-1.5539,1.3323,-0.2796,1.1782
1.1543,0.24113,-0.84673,-1.6,0.86968,-0.33592,0.97934,-0.2796,1.9563
0.77921,1.3341,-0.84673,-0.78051,0.90316,-0.36293,-0.22177,-0.2796,2.1239
0.40698,2.4213,-0.84673,0.10456,0.68555,-0.38865,-1.4179,-0.2796,2.3275
0.94092,0.89598,-0.84673,-1.2956,1.623,2.0755,-2.1026,-0.2796,0.98062
0.77921,1.3341,-0.84673,-0.78051,0.90316,-0.36293,-0.22177,-0.2796,2.1239
0.049108,1.472,-0.84673,-1.7265,0.8362,0.40745,0.37567,-0.2796,1.9084
0.77921,1.3341,-0.84673,-0.78051,0.90316,-0.36293,-0.22177,-0.2796,2.1239
1.5103,1.195,-0.84673,0.20758,0.81946,-1.132,-0.8192,-0.2796,1.8067
1.0404,1.3341,-0.84673,-1.6703,2.6441,-0.36293,-0.22177,-0.2796,2.3155
0.77921,1.3341,-0.84673,-0.78051,0.90316,-0.36293,-0.22177,-0.2796,2.1239
0.54286,1.3341,-0.84673,-0.31222,0.55163,-0.36293,-0.22177,-0.2796,0.84295
0.88829,1.3364,-0.84673,-0.537,0.65207,-0.60214,-0.21054,0.16365,1.6511
0.30747,2.1825,-0.84673,-0.28413,0.40097,0.95148,-2.0178,0.16365,1.7408
1.3763,0.37557,-0.84673,-1.3144,1.7234,-1.5539,1.4159,0.16365,1.7049
1.3763,0.37557,-0.84673,-1.4127,2.0749,-0.47482,0.37567,0.16365,1.7408
0.89786,0.23069,-0.84673,-2.5741,2.8784,-1.5539,2.7317,0.16365,1.4595
1.8547,0.52045,-0.84673,-0.021882,0.45119,-1.5539,0.098777,0.16365,2.1838
1.7973,0.50191,-0.84673,-2.0496,4.3515,-1.5539,0.83466,0.16365,2.0042
1.3763,0.37557,-0.84673,-1.3144,1.7234,-1.5539,1.4159,0.16365,1.7049
1.028,0.26894,-0.84673,-1.1083,0.98686,-1.5539,1.8973,0.16365,1.1602
2.3935,-0.85647,-0.84673,-1.8623,3.6819,-1.5539,1.4982,0.16365,1.3757
1.3763,0.37557,-0.84673,-1.3144,1.7234,-1.5539,1.4159,0.16365,1.7049
0.36009,1.6065,-0.84673,-1.2113,1.3551,-1.5539,1.3323,0.16365,1.8127
1.1543,0.24113,-0.84673,-1.6,0.86968,-0.33592,0.97934,0.16365,2.2676
0.77921,1.3341,-0.84673,-0.78051,0.90316,-0.36293,-0.22177,0.16365,2.4831
0.40698,2.4213,-0.84673,0.10456,0.68555,-0.38865,-1.4179,0.16365,2.6567
0.94092,0.89598,-0.84673,-1.2956,1.623,2.0755,-2.1026,0.16365,1.1422
0.77921,1.3341,-0.84673,-0.78051,0.90316,-0.36293,-0.22177,0.16365,2.4831
0.049108,1.472,-0.84673,-1.7265,0.8362,0.40745,0.37567,0.16365,2.2251
0.77921,1.3341,-0.84673,-0.78051,0.90316,-0.36293,-0.22177,0.16365,2.4831
1.5103,1.195,-0.84673,0.20758,0.81946,-1.132,-0.8192,0.16365,2.1479
1.0404,1.3341,-0.84673,-1.6703,2.6441,-0.36293,-0.22177,0.16365,2.6088
0.77921,1.3341,-0.84673,-0.78051,0.90316,-0.36293,-0.22177,0.16365,2.4831
0.54286,1.3341,-0.84673,-0.31222,0.55163,-0.36293,-0.22177,0.16365,1.4409
0.88829,1.3364,-0.84673,-0.537,0.65207,-0.60214,-0.21054,0.71771,1.7408
0.30747,2.1825,-0.84673,-0.28413,0.40097,0.95148,-2.0178,0.71771,1.8426
1.3763,0.37557,-0.84673,-1.3144,1.7234,-1.5539,1.4159,0.71771,1.7588
1.3763,0.37557,-0.84673,-1.4127,2.0749,-0.47482,0.37567,0.71771,1.8486
0.89786,0.23069,-0.84673,-2.5741,2.8784,-1.5539,2.7317,0.71771,1.5972
1.8547,0.52045,-0.84673,-0.021882,0.45119,-1.5539,0.098777,0.71771,2.2969
1.7973,0.50191,-0.84673,-2.0496,4.3515,-1.5539,0.83466,0.71771,2.088
1.3763,0.37557,-0.84673,-1.3144,1.7234,-1.5539,1.4159,0.71771,1.7588
1.028,0.26894,-0.84673,-1.1083,0.98686,-1.5539,1.8973,0.71771,1.3039
2.3935,-0.85647,-0.84673,-1.8623,3.6819,-1.5539,1.4982,0.71771,1.3996
1.3763,0.37557,-0.84673,-1.3144,1.7234,-1.5539,1.4159,0.71771,1.7588
0.36009,1.6065,-0.84673,-1.2113,1.3551,-1.5539,1.3323,0.71771,1.9324
1.1543,0.24113,-0.84673,-1.6,0.86968,-0.33592,0.97934,0.71771,2.3754
0.77921,1.3341,-0.84673,-0.78051,0.90316,-0.36293,-0.22177,0.71771,2.6028
0.94092,0.89598,-0.84673,-1.2956,1.623,2.0755,-2.1026,0.71771,1.238
0.77921,1.3341,-0.84673,-0.78051,0.90316,-0.36293,-0.22177,0.71771,2.6028
0.049108,1.472,-0.84673,-1.7265,0.8362,0.40745,0.37567,0.71771,2.4532
0.77921,1.3341,-0.84673,-0.78051,0.90316,-0.36293,-0.22177,0.71771,2.6028
1.5103,1.195,-0.84673,0.20758,0.81946,-1.132,-0.8192,0.71771,2.2437
1.0404,1.3341,-0.84673,-1.6703,2.6441,-0.36293,-0.22177,0.71771,2.8004
0.77921,1.3341,-0.84673,-0.78051,0.90316,-0.36293,-0.22177,0.71771,2.6028
0.54286,1.3341,-0.84673,-0.31222,0.55163,-0.36293,-0.22177,0.71771,1.9144
-0.56234,-0.85647,0.66428,0.36212,-0.28535,-0.074838,1.2063,-0.67536,-1.4509
-0.56234,-0.85647,0.66428,0.36212,-0.28535,-0.074838,1.2063,-0.50122,-0.68048
-0.56234,-0.85647,0.66428,0.36212,-0.28535,-0.074838,1.2063,-0.2796,-0.65414
-0.56234,-0.85647,0.66428,0.36212,-0.28535,-0.074838,1.2063,0.16365,-0.38118
-0.56234,-0.85647,0.66428,0.36212,-0.28535,-0.074838,1.2063,0.86019,0.29284
-0.45325,-0.85647,0.63146,0.76485,-0.26861,-0.33335,0.98059,-0.67536,-1.5227
-0.45325,-0.85647,0.63146,0.76485,-0.26861,-0.33335,0.98059,-0.50122,-0.81876
-0.45325,-0.85647,0.63146,0.76485,-0.26861,-0.33335,0.98059,-0.2796,-0.77686
-0.45325,-0.85647,0.63146,0.76485,-0.26861,-0.33335,0.98059,0.16365,-0.48833
-0.45325,-0.85647,0.63146,0.76485,-0.26861,-0.33335,0.98059,0.86019,-0.075301
-0.82739,-0.85647,0.72365,-0.74773,0.21684,0.4306,1.6504,-0.67536,-1.3988
-0.82739,-0.85647,0.72365,-0.74773,0.21684,0.4306,1.6504,-0.50122,-0.64816
-0.82739,-0.85647,0.72365,-0.74773,0.21684,0.4306,1.6504,-0.2796,-0.60446
-0.82739,-0.85647,0.72365,-0.74773,0.21684,0.4306,1.6504,0.16365,-0.11122
-0.82739,-0.85647,0.72365,-0.74773,0.21684,0.4306,1.6504,0.86019,0.091109
-0.86567,-0.85647,1.1127,-0.91164,0.26705,1.5058,0.37941,-0.67536,-1.2438
-0.86567,-0.85647,1.1127,-0.91164,0.26705,1.5058,0.37941,-0.50122,-0.88341
-0.86567,-0.85647,1.1127,-0.91164,0.26705,1.5058,0.37941,-0.2796,-0.56376
-0.86567,-0.85647,1.1127,-0.91164,0.26705,1.5058,0.37941,0.16365,-0.028611
-0.86567,-0.85647,1.1127,-0.91164,0.26705,1.5058,0.37941,0.86019,0.28446
-0.6609,-0.85647,1.0534,-0.059346,-0.084478,1.0891,0.071337,-0.67536,-1.3976
-0.6609,-0.85647,1.0534,-0.059346,-0.084478,1.0891,0.071337,-0.50122,-0.89179
-0.6609,-0.85647,1.0534,-0.059346,-0.084478,1.0891,0.071337,-0.2796,-0.65355
-0.6609,-0.85647,1.0534,-0.059346,-0.084478,1.0891,0.071337,0.16365,-0.096851
-0.6609,-0.85647,1.0534,-0.059346,-0.084478,1.0891,0.071337,0.86019,0.22699
-0.48961,-0.85647,1.0018,0.65246,-0.26861,0.72641,-0.18685,-0.67536,-1.5437
-0.48961,-0.85647,1.0018,0.65246,-0.26861,0.72641,-0.18685,-0.50122,-0.94207
-0.48961,-0.85647,1.0018,0.65246,-0.26861,0.72641,-0.18685,-0.2796,-0.67869
-0.48961,-0.85647,1.0018,0.65246,-0.26861,0.72641,-0.18685,0.16365,-0.25608
-0.48961,-0.85647,1.0018,0.65246,-0.26861,0.72641,-0.18685,0.86019,-0.028611
-0.8695,-0.85647,1.1096,-0.921,0.61859,1.4814,0.36195,-0.67536,-1.5784
-0.8695,-0.85647,1.1096,-0.921,0.61859,1.4814,0.36195,-0.50122,-0.78404
-0.8695,-0.85647,1.1096,-0.921,0.61859,1.4814,0.36195,-0.2796,-0.43985
-0.8695,-0.85647,1.1096,-0.921,0.61859,1.4814,0.36195,0.16365,0.16414
-0.8695,-0.85647,1.1096,-0.921,0.61859,1.4814,0.36195,0.86019,0.27368
-1.1011,-0.85647,1.7049,-0.2373,-0.28535,1.102,0.081315,-0.67536,-1.5
-1.1011,-0.85647,1.7049,-0.2373,-0.28535,1.102,0.081315,-0.50122,-0.61883
-1.1011,-0.85647,1.7049,-0.2373,-0.28535,1.102,0.081315,-0.2796,-0.85467
-1.1011,-0.85647,1.7049,-0.2373,-0.28535,1.102,0.081315,0.16365,-0.43027
-1.1011,-0.85647,1.7049,-0.2373,-0.28535,1.102,0.081315,0.86019,-0.13636
-1.0829,-0.36852,1.7128,-2.7989,-0.084478,1.1032,0.081315,-0.67536,-1.6801
-1.0829,-0.36852,1.7128,-2.7989,-0.084478,1.1032,0.081315,-0.50122,-1.0774
-1.0829,-0.36852,1.7128,-2.7989,-0.084478,1.1032,0.081315,-0.2796,-0.69305
-1.0829,-0.36852,1.7128,-2.7989,-0.084478,1.1032,0.081315,0.16365,-0.17766
-1.0829,-0.36852,1.7128,-2.7989,-0.084478,1.1032,0.081315,0.86019,0.20424
-0.64559,0.28053,-0.4639,0.0062151,0.1164,1.1946,0.14742,-0.67536,-1.0666
-0.64559,0.28053,-0.4639,0.0062151,0.1164,1.1946,0.14742,-0.50122,-0.32492
-0.64559,0.28053,-0.4639,0.0062151,0.1164,1.1946,0.14742,-0.2796,0.59213
-0.64559,0.28053,-0.4639,0.0062151,0.1164,1.1946,0.14742,0.16365,0.89502
-0.64559,0.28053,-0.4639,0.0062151,0.1164,1.1946,0.14742,0.86019,1.0824
-0.64463,0.28053,-0.4639,0.0062151,0.082918,1.1971,0.14867,-0.67536,-1.3551
-0.64463,0.28053,-0.4639,0.0062151,0.082918,1.1971,0.14867,-0.50122,-1.0762
-0.64463,0.28053,-0.4639,0.0062151,0.082918,1.1971,0.14867,-0.2796,0.2641
-0.64463,0.28053,-0.4639,0.0062151,0.082918,1.1971,0.14867,0.16365,0.67713
-0.64463,0.28053,-0.4639,0.0062151,0.082918,1.1971,0.14867,0.86019,0.84714
-0.49249,-0.85647,1.0002,0.63841,-0.01752,0.70969,-0.19932,-0.67536,-1.3443
-0.49249,-0.85647,1.0002,0.63841,-0.01752,0.70969,-0.19932,-0.50122,-0.80798
-0.49249,-0.85647,1.0002,0.63841,-0.01752,0.70969,-0.19932,-0.2796,-0.67509
-0.49249,-0.85647,1.0002,0.63841,-0.01752,0.70969,-0.19932,0.16365,-0.26745
-0.49249,-0.85647,1.0002,0.63841,-0.01752,0.70969,-0.19932,0.86019,0.30181
-0.41211,-0.85647,0.62365,0.24036,0.13314,-0.29605,0.91573,-0.67536,-0.95105
-0.41211,-0.85647,0.62365,0.24036,0.13314,-0.29605,0.91573,-0.50122,-0.60626
-0.41211,-0.85647,0.62365,0.24036,0.13314,-0.29605,0.91573,-0.2796,-0.33449
-0.41211,-0.85647,0.62365,0.24036,0.13314,-0.29605,0.91573,0.16365,0.22579
-0.41211,-0.85647,0.62365,0.24036,0.13314,-0.29605,0.91573,0.86019,0.50773
-0.29824,-0.85647,0.64865,0.27314,-0.11796,-0.20602,1.0928,-0.67536,-1.3168
-0.29824,-0.85647,0.64865,0.27314,-0.11796,-0.20602,1.0928,-0.50122,-0.65235
-0.29824,-0.85647,0.64865,0.27314,-0.11796,-0.20602,1.0928,-0.2796,-0.39495
-0.29824,-0.85647,0.64865,0.27314,-0.11796,-0.20602,1.0928,0.16365,0.15037
-0.29824,-0.85647,0.64865,0.27314,-0.11796,-0.20602,1.0928,0.86019,0.39101
-0.65707,-0.85647,0.72209,-1.0428,0.41771,0.44861,1.6217,-0.67536,-1.3336
-0.65707,-0.85647,0.72209,-1.0428,0.41771,0.44861,1.6217,-0.50122,-0.56914
-0.65707,-0.85647,0.72209,-1.0428,0.41771,0.44861,1.6217,-0.2796,-0.25009
-0.65707,-0.85647,0.72209,-1.0428,0.41771,0.44861,1.6217,0.16365,0.40298
-0.65707,-0.85647,0.72209,-1.0428,0.41771,0.44861,1.6217,0.86019,0.42513
-0.65611,-0.85647,0.72209,-1.0381,0.70229,0.39716,1.6242,-0.67536,-1.3461
-0.65611,-0.85647,0.72209,-1.0381,0.70229,0.39716,1.6242,-0.50122,-0.62541
-0.65611,-0.85647,0.72209,-1.0381,0.70229,0.39716,1.6242,-0.2796,0.0947
-0.65611,-0.85647,0.72209,-1.0381,0.70229,0.39716,1.6242,0.16365,0.51372
-0.65611,-0.85647,0.72209,-1.0381,0.70229,0.39716,1.6242,0.86019,0.71365
-0.66185,-0.85647,1.1034,-1.0568,0.26705,1.4466,0.32328,-0.67536,-0.97559
-0.66185,-0.85647,1.1034,-1.0568,0.26705,1.4466,0.32328,-0.50122,-0.26745
-0.66185,-0.85647,1.1034,-1.0568,0.26705,1.4466,0.32328,-0.2796,0.16055
-0.66185,-0.85647,1.1034,-1.0568,0.26705,1.4466,0.32328,0.16365,0.55442
-0.66185,-0.85647,1.1034,-1.0568,0.26705,1.4466,0.32328,0.86019,0.71844
-0.47239,-0.85647,1.0534,-0.35437,0.082918,1.0737,0.061359,-0.67536,-1.2198
-0.47239,-0.85647,1.0534,-0.35437,0.082918,1.0737,0.061359,-0.50122,-0.54161
-0.47239,-0.85647,1.0534,-0.35437,0.082918,1.0737,0.061359,-0.2796,-0.12498
-0.47239,-0.85647,1.0534,-0.35437,0.082918,1.0737,0.061359,0.16365,0.41196
-0.47239,-0.85647,1.0534,-0.35437,0.082918,1.0737,0.061359,0.86019,0.59992
-0.28484,-0.85647,1.0018,0.32465,-0.067739,0.71355,-0.19807,-0.67536,-1.1133
-0.28484,-0.85647,1.0018,0.32465,-0.067739,0.71355,-0.19807,-0.50122,-0.35245
-0.28484,-0.85647,1.0018,0.32465,-0.067739,0.71355,-0.19807,-0.2796,-0.36921
-0.28484,-0.85647,1.0018,0.32465,-0.067739,0.71355,-0.19807,0.16365,0.068961
-0.28484,-0.85647,1.0018,0.32465,-0.067739,0.71355,-0.19807,0.86019,0.46463
-0.28484,-0.85647,1.0018,0.32465,0.032699,0.71355,-0.19807,-0.67536,-1.3587
-0.28484,-0.85647,1.0018,0.32465,0.032699,0.71355,-0.19807,-0.50122,-0.68168
-0.28484,-0.85647,1.0018,0.32465,0.032699,0.71355,-0.19807,-0.2796,-0.18903
-0.28484,-0.85647,1.0018,0.32465,0.032699,0.71355,-0.19807,0.16365,0.049207
-0.28484,-0.85647,1.0018,0.32465,0.032699,0.71355,-0.19807,0.86019,0.50234
-0.95466,-0.85647,1.7628,-0.56042,0.23357,1.0634,0.052628,-0.67536,-1.3288
-0.95466,-0.85647,1.7628,-0.56042,0.23357,1.0634,0.052628,-0.50122,-0.85108
-0.95466,-0.85647,1.7628,-0.56042,0.23357,1.0634,0.052628,-0.2796,-0.48175
-0.95466,-0.85647,1.7628,-0.56042,0.23357,1.0634,0.052628,0.16365,-0.014843
-0.95466,-0.85647,1.7628,-0.56042,0.23357,1.0634,0.052628,0.86019,0.57178
-0.94892,-0.33259,1.0596,-0.53232,0.33401,1.1122,0.088799,-0.67536,-1.7059
-0.94892,-0.33259,1.0596,-0.53232,0.33401,1.1122,0.088799,-0.50122,-0.85707
-0.94892,-0.33259,1.0596,-0.53232,0.33401,1.1122,0.088799,-0.2796,-0.27224
-0.94892,-0.33259,1.0596,-0.53232,0.33401,1.1122,0.088799,0.16365,0.45984
-0.94892,-0.33259,1.0596,-0.53232,0.33401,1.1122,0.088799,0.86019,0.76932
-1.0743,-0.36736,1.0955,-1.0896,0.76924,1.3875,0.28212,-0.67536,-1.7011
-1.0743,-0.36736,1.0955,-1.0896,0.76924,1.3875,0.28212,-0.50122,-0.73675
-1.0743,-0.36736,1.0955,-1.0896,0.76924,1.3875,0.28212,-0.2796,-0.28122
-1.0743,-0.36736,1.0955,-1.0896,0.76924,1.3875,0.28212,0.16365,0.19945
-1.0743,-0.36736,1.0955,-1.0896,0.76924,1.3875,0.28212,0.86019,0.73819
0.08834,-0.85647,0.65646,-0.63066,0.53489,-0.15072,1.1402,-0.67536,-0.79721
0.08834,-0.85647,0.65646,-0.63066,0.53489,-0.15072,1.1402,-0.50122,-0.068717
0.08834,-0.85647,0.65646,-0.63066,0.53489,-0.15072,1.1402,-0.2796,-0.064526
0.08834,-0.85647,0.65646,-0.63066,0.53489,-0.15072,1.1402,0.16365,0.55442
0.08834,-0.85647,0.65646,-0.63066,0.53489,-0.15072,1.1402,0.86019,0.78728
-0.038925,-0.85647,0.67521,-0.98188,0.93664,0.012618,1.2724,-0.67536,-0.7589
-0.038925,-0.85647,0.67521,-0.98188,0.93664,0.012618,1.2724,-0.50122,0.36347
-0.038925,-0.85647,0.67521,-0.98188,0.93664,0.012618,1.2724,-0.2796,0.74597
-0.038925,-0.85647,0.67521,-0.98188,0.93664,0.012618,1.2724,0.16365,0.91119
-0.038925,-0.85647,0.67521,-0.98188,0.93664,0.012618,1.2724,0.86019,1.1865
0.13906,-0.85647,0.64709,-0.47144,0.45119,-0.22917,1.0679,-0.67536,-0.77027
0.13906,-0.85647,0.64709,-0.47144,0.45119,-0.22917,1.0679,-0.50122,-0.035195
0.13906,-0.85647,0.64709,-0.47144,0.45119,-0.22917,1.0679,-0.2796,0.24674
0.13906,-0.85647,0.64709,-0.47144,0.45119,-0.22917,1.0679,0.16365,0.77231
0.13906,-0.85647,0.64709,-0.47144,0.45119,-0.22917,1.0679,0.86019,0.97105
-0.28102,-0.85647,0.71428,-1.6609,1.0371,0.42546,1.5743,-0.67536,-0.8858
-0.28102,-0.85647,0.71428,-1.6609,1.0371,0.42546,1.5743,-0.50122,-0.14713
-0.28102,-0.85647,0.71428,-1.6609,1.0371,0.42546,1.5743,-0.2796,-0.11241
-0.28102,-0.85647,0.71428,-1.6609,1.0371,0.42546,1.5743,0.16365,0.49815
-0.28102,-0.85647,0.71428,-1.6609,1.0371,0.42546,1.5743,0.86019,0.57178
-0.30685,-0.85647,0.69709,-1.099,1.104,0.19139,1.4396,-0.67536,-1.2246
-0.30685,-0.85647,0.69709,-1.099,1.104,0.19139,1.4396,-0.50122,-0.42728
-0.30685,-0.85647,0.69709,-1.099,1.104,0.19139,1.4396,-0.2796,-0.29738
-0.30685,-0.85647,0.69709,-1.099,1.104,0.19139,1.4396,0.16365,0.37185
-0.30685,-0.85647,0.69709,-1.099,1.104,0.19139,1.4396,0.86019,0.91238
-0.27623,-0.85647,0.69709,-1.6515,1.3384,0.19139,1.4396,-0.67536,-0.84031
-0.27623,-0.85647,0.69709,-1.6515,1.3384,0.19139,1.4396,-0.50122,0.38741
-0.27623,-0.85647,0.69709,-1.6515,1.3384,0.19139,1.4396,-0.2796,0.88485
-0.27623,-0.85647,0.69709,-1.6515,1.3384,0.19139,1.4396,0.16365,1.1979
-0.27623,-0.85647,0.69709,-1.6515,1.3384,0.19139,1.4396,0.86019,1.5044
-0.32886,-0.85647,1.108,-1.792,0.97012,1.4646,0.34074,-0.67536,-0.73615
-0.32886,-0.85647,1.108,-1.792,0.97012,1.4646,0.34074,-0.50122,0.38322
-0.32886,-0.85647,1.108,-1.792,0.97012,1.4646,0.34074,-0.2796,0.99858
-0.32886,-0.85647,1.108,-1.792,0.97012,1.4646,0.34074,0.16365,1.4667
-0.32886,-0.85647,1.108,-1.792,0.97012,1.4646,0.34074,0.86019,1.8318
-0.058062,-0.85647,1.0502,-1.0334,0.61859,1.0376,0.048886,-0.67536,-0.71939
-0.058062,-0.85647,1.0502,-1.0334,0.61859,1.0376,0.048886,-0.50122,0.17671
-0.058062,-0.85647,1.0502,-1.0334,0.61859,1.0376,0.048886,-0.2796,0.92855
-0.058062,-0.85647,1.0502,-1.0334,0.61859,1.0376,0.048886,0.16365,1.259
-0.058062,-0.85647,1.0502,-1.0334,0.61859,1.0376,0.048886,0.86019,1.3643
0.15341,-0.85647,0.98929,-0.31691,0.55163,0.64152,-0.25046,-0.67536,-0.83253
0.15341,-0.85647,0.98929,-0.31691,0.55163,0.64152,-0.25046,-0.50122,0.070158
0.15341,-0.85647,0.98929,-0.31691,0.55163,0.64152,-0.25046,-0.2796,0.6933
0.15341,-0.85647,0.98929,-0.31691,0.55163,0.64152,-0.25046,0.16365,0.96626
0.15341,-0.85647,0.98929,-0.31691,0.55163,0.64152,-0.25046,0.86019,1.2524
-0.64559,-0.85647,1.8831,-1.2535,0.66881,1.0364,0.035167,-0.67536,-1.0923
-0.64559,-0.85647,1.8831,-1.2535,0.66881,1.0364,0.035167,-0.50122,-0.12498
-0.64559,-0.85647,1.8831,-1.2535,0.66881,1.0364,0.035167,-0.2796,0.25931
-0.64559,-0.85647,1.8831,-1.2535,0.66881,1.0364,0.035167,0.16365,0.6478
-0.64559,-0.85647,1.8831,-1.2535,0.66881,1.0364,0.035167,0.86019,0.85372
-0.6475,-0.85647,1.8753,-1.2629,0.9199,1.0209,0.023941,-0.67536,-1.1043
-0.6475,-0.85647,1.8753,-1.2629,0.9199,1.0209,0.023941,-0.50122,-0.12678
-0.6475,-0.85647,1.8753,-1.2629,0.9199,1.0209,0.023941,-0.2796,0.6059
-0.6475,-0.85647,1.8753,-1.2629,0.9199,1.0209,0.023941,0.16365,0.93453
-0.6475,-0.85647,1.8753,-1.2629,0.9199,1.0209,0.023941,0.86019,1.4056
-0.037968,0.27706,-0.4639,-0.9772,0.8362,1.1418,0.11125,-0.67536,-0.32132
-0.037968,0.27706,-0.4639,-0.9772,0.8362,1.1418,0.11125,-0.50122,0.71185
-0.037968,0.27706,-0.4639,-0.9772,0.8362,1.1418,0.11125,-0.2796,1.6355
-0.037968,0.27706,-0.4639,-0.9772,0.8362,1.1418,0.11125,0.16365,1.8558
-0.037968,0.27706,-0.4639,-0.9772,0.8362,1.1418,0.11125,0.86019,1.8636
-0.60253,-0.22364,1.0877,-1.9091,0.95338,1.3219,0.23847,-0.67536,-0.5027
-0.60253,-0.22364,1.0877,-1.9091,0.95338,1.3219,0.23847,-0.50122,0.0085024
-0.60253,-0.22364,1.0877,-1.9091,0.95338,1.3219,0.23847,-0.2796,1.1788
-0.60253,-0.22364,1.0877,-1.9091,0.95338,1.3219,0.23847,0.16365,1.5666
-0.60253,-0.22364,1.0877,-1.9091,0.95338,1.3219,0.23847,0.86019,1.6588
-0.6341,-0.23292,1.058,-1.216,0.56837,0.53221,0.087551,-0.67536,-1.0654
-0.6341,-0.23292,1.058,-1.216,0.56837,0.53221,0.087551,-0.50122,0.16653
-0.6341,-0.23292,1.058,-1.216,0.56837,0.53221,0.087551,-0.2796,0.98062
-0.6341,-0.23292,1.058,-1.216,0.56837,0.53221,0.087551,0.16365,1.086
-0.6341,-0.23292,1.058,-1.216,0.56837,0.53221,0.087551,0.86019,1.2458
-0.59583,-0.85647,1.0924,-1.0802,0.85294,1.3605,0.26591,-0.67536,-1.2258
-0.59583,-0.85647,1.0924,-1.0802,0.85294,1.3605,0.26591,-0.50122,-0.58471
-0.59583,-0.85647,1.0924,-1.0802,0.85294,1.3605,0.26591,-0.2796,-0.33509
-0.59583,-0.85647,1.0924,-1.0802,0.85294,1.3605,0.26591,0.16365,0.086919
-0.59583,-0.85647,1.0924,-1.0802,0.85294,1.3605,0.26591,0.86019,0.62326
0.90743,-0.85647,-0.84673,1.5469,-1.0386,0.39331,-0.13945,-0.67536,-1.1695
0.90743,-0.85647,-0.84673,1.5469,-1.0386,0.39331,-0.13945,-0.50122,-0.61045
0.90743,-0.85647,-0.84673,1.5469,-1.0386,0.39331,-0.13945,-0.2796,-0.23034
0.90743,-0.85647,-0.84673,1.5469,-1.0386,0.39331,-0.13945,0.16365,0.028855
0.90743,-0.85647,-0.84673,1.5469,-1.0386,0.39331,-0.13945,0.86019,0.43351
2.094,-0.85647,-0.84673,-1.9466,-0.36905,-0.088985,0.99056,-0.2796,1.9007
1.8547,-0.85647,0.075186,-1.8529,-0.72058,1.6087,-1.6536,-0.2796,1.2817
0.32373,0.73139,-0.84673,-1.7124,-0.050999,2.0202,-0.35647,-0.2796,2.7495
2.1418,-0.85647,0.090811,0.62904,-1.0386,0.73412,-1.7908,-0.2796,1.6882
1.6251,-0.85647,-0.84673,-0.77583,0.85294,0.73412,-0.35647,-0.2796,2.5729
2.2471,-0.85647,-0.84673,-0.91632,0.33401,-2.2111,0.35446,-0.2796,0.33234
2.2853,-0.85647,-0.84673,-0.54169,-0.16818,-1.5166,1.0155,-0.2796,1.4643
2.3619,-0.85647,-0.84673,0.16075,0.1164,-0.68059,-0.66829,-0.2796,1.2578
2.2853,-0.85647,-0.84673,-0.30754,-0.16818,-1.3236,0.39188,-0.2796,0.90999
0.99355,-0.85647,1.2784,-1.1036,2.3093,-0.89923,-0.069603,-0.2796,1.1812
2.0949,-0.85647,-0.84673,0.86319,-0.53645,1.9482,-2.0004,-0.2796,0.49756
1.6165,-0.27696,-0.84673,0.86319,-0.53645,1.9482,-2.0004,-0.2796,0.21322
1.1084,-0.65712,1.6221,-0.68217,2.4432,-0.076124,-1.7534,-0.2796,1.1871
0.49597,-0.65364,1.7003,-0.68217,1.9578,0.29685,-1.5164,-0.2796,0.68611
0.50554,-0.65248,1.6221,0.34807,1.5225,-0.076124,-1.7534,-0.2796,0.50953
1.1849,-0.85647,-0.84673,-0.30754,-1.0386,1.8916,-0.9801,-0.2796,0.98661
-0.77668,1.4616,-0.84673,0.3949,-1.0386,2.2131,-1.4166,-0.2796,0.80404
2.2471,-0.85647,-0.84673,-0.91632,0.35075,-2.2111,0.35446,-0.2796,0.33234
-1.303,0.488,1.0127,0.11392,-0.084478,-1.7995,1.3273,-0.2796,-0.39854
-1.1594,0.62708,1.0596,0.020264,0.032699,-1.9153,1.3149,-0.2796,0.21442
-0.45134,0.95161,-0.84673,0.34807,-0.050999,0.10393,-0.16938,-0.2796,0.20843
-0.29824,1.2298,0.63771,-1.0568,0.55163,-1.4523,0.32952,-0.2796,1.9186
1.8547,-0.85647,-0.84673,-0.91632,0.55163,0.91418,-1.3917,-0.2796,1.3589
0.036669,1.3457,-0.84673,-0.86949,0.23357,0.74699,-1.1048,-0.2796,1.0632
0.71605,0.52277,-0.84673,-1.01,0.46793,1.1328,-1.4541,-0.2796,1.3877
-0.059019,1.2298,1.0284,-0.91632,0.70229,-1.8381,-0.10702,-0.2796,2.4196
2.094,-0.85647,-0.84673,-1.4314,0.46793,0.77271,-1.479,-0.2796,2.0365
-1.1116,-0.85647,1.3971,-0.83203,-1.0386,0.42031,1.588,-0.67536,-1.2821
-1.1116,0.63288,1.2174,-0.30286,0.31727,0.42289,-0.33652,-0.67536,-0.98158
-0.98719,0.64794,1.0065,-0.078077,-0.43601,0.44218,-0.33402,-0.67536,-0.90316
-1.0886,0.6491,1.1627,-0.28413,0.26705,0.42932,-0.33652,-0.67536,-1.2497
-1.0408,-0.69884,1.8471,-1.1598,-0.35231,0.42932,1.033,-0.67536,-0.86964
-1.0303,-0.2758,1.8643,-0.7852,0.049439,0.42803,0.24845,-0.67536,-0.76249
-1.0924,0.017434,1.7628,-0.82266,0.28379,0.44218,-0.043411,-0.67536,-1.215
-1.0274,0.22606,1.6518,-0.43398,0.58511,0.44089,-0.33652,-0.67536,-1.1971
-0.8695,-0.85647,1.1096,-0.70091,0.61859,1.3643,0.3158,-0.67536,-1.3928
-0.29824,-0.85647,0.64865,0.47919,-0.15144,-0.30891,1.0429,-0.67536,-1.6358
-0.6475,-0.85647,1.8753,-1.0474,0.9199,0.90904,-0.02096,-0.67536,-1.2096
-0.82739,-0.85647,0.72365,-0.53232,0.21684,0.32257,1.5992,-0.67536,-1.415
-0.28484,-0.85647,1.0018,0.5307,-0.067739,0.90904,-0.24048,-0.67536,-1.4269
-1.1116,-0.85647,1.3971,-0.83203,-1.0386,0.42031,1.588,-0.50122,-1.1336
-1.1116,0.63288,1.2174,-0.30286,0.31727,0.42289,-0.33652,-0.50122,-0.16329
-0.98719,0.64794,1.0065,-0.078077,-0.43601,0.44218,-0.33402,-0.50122,-0.094456
-1.0886,0.6491,1.1627,-0.28413,0.26705,0.42932,-0.33652,-0.50122,-0.23992
-1.0408,-0.69884,1.8471,-1.1598,-0.35231,0.42932,1.033,-0.50122,-0.36323
-1.0303,-0.2758,1.8643,-0.7852,0.049439,0.42803,0.24845,-0.50122,-0.16808
-1.0924,0.017434,1.7628,-0.82266,0.28379,0.44218,-0.043411,-0.50122,-0.17467
-1.0274,0.22606,1.6518,-0.43398,0.58511,0.44089,-0.33652,-0.50122,-0.3752
-0.8695,-0.85647,1.1096,-0.70091,0.61859,1.3643,0.3158,-0.50122,-0.98158
-0.29824,-0.85647,0.64865,0.47919,-0.15144,-0.30891,1.0429,-0.50122,-0.66791
-0.6475,-0.85647,1.8753,-1.0474,0.9199,0.90904,-0.02096,-0.50122,-0.3728
-0.82739,-0.85647,0.72365,-0.53232,0.21684,0.32257,1.5992,-0.50122,-0.69066
-0.28484,-0.85647,1.0018,0.5307,-0.067739,0.90904,-0.24048,-0.50122,-0.90316
-1.1116,-0.85647,1.3971,-0.83203,-1.0386,0.42031,1.588,-0.2796,-0.57573
-1.1116,0.63288,1.2174,-0.30286,0.31727,0.42289,-0.33652,-0.2796,0.63284
-0.98719,0.64794,1.0065,-0.078077,-0.43601,0.44218,-0.33402,-0.2796,0.20005
-1.0886,0.6491,1.1627,-0.28413,0.26705,0.42932,-0.33652,-0.2796,0.32217
-1.0408,-0.69884,1.8471,-1.1598,-0.35231,0.42932,1.033,-0.2796,-0.12738
-1.0303,-0.2758,1.8643,-0.7852,0.049439,0.42803,0.24845,-0.2796,0.14259
-1.0924,0.017434,1.7628,-0.82266,0.28379,0.44218,-0.043411,-0.2796,0.33474
-1.0274,0.22606,1.6518,-0.43398,0.58511,0.44089,-0.33652,-0.2796,0.11924
-0.8695,-0.85647,1.1096,-0.70091,0.61859,1.3643,0.3158,-0.2796,-0.65654
-0.29824,-0.85647,0.64865,0.47919,-0.15144,-0.30891,1.0429,-0.2796,-0.51467
-0.6475,-0.85647,1.8753,-1.0474,0.9199,0.90904,-0.02096,-0.2796,0.52808
-0.82739,-0.85647,0.72365,-0.53232,0.21684,0.32257,1.5992,-0.2796,0.086919
-0.28484,-0.85647,1.0018,0.5307,-0.067739,0.90904,-0.24048,-0.2796,-0.15252
-1.1116,-0.85647,1.3971,-0.83203,-1.0386,0.42031,1.588,0.16365,0.044418
-1.1116,0.63288,1.2174,-0.30286,0.31727,0.42289,-0.33652,0.16365,1.0716
-0.98719,0.64794,1.0065,-0.078077,-0.43601,0.44218,-0.33402,0.16365,0.76453
-1.0886,0.6491,1.1627,-0.28413,0.26705,0.42932,-0.33652,0.16365,0.95189
-1.0408,-0.69884,1.8471,-1.1598,-0.35231,0.42932,1.033,0.16365,0.0019178
-1.0303,-0.2758,1.8643,-0.7852,0.049439,0.42803,0.24845,0.16365,1.0746
-1.0924,0.017434,1.7628,-0.82266,0.28379,0.44218,-0.043411,0.16365,1.056
-1.0274,0.22606,1.6518,-0.43398,0.58511,0.44089,-0.33652,0.16365,0.78847
-0.8695,-0.85647,1.1096,-0.70091,0.61859,1.3643,0.3158,0.16365,-0.2453
-0.29824,-0.85647,0.64865,0.47919,-0.15144,-0.30891,1.0429,0.16365,0.22879
-0.6475,-0.85647,1.8753,-1.0474,0.9199,0.90904,-0.02096,0.16365,0.92436
-0.82739,-0.85647,0.72365,-0.53232,0.21684,0.32257,1.5992,0.16365,0.45326
-0.28484,-0.85647,1.0018,0.5307,-0.067739,0.90904,-0.24048,0.16365,0.20664
-1.1116,-0.85647,1.3971,-0.83203,-1.0386,0.42031,1.588,0.86019,0.12822
-1.1116,0.63288,1.2174,-0.30286,0.31727,0.42289,-0.33652,0.86019,1.1494
-0.98719,0.64794,1.0065,-0.078077,-0.43601,0.44218,-0.33402,0.86019,0.84833
-1.0886,0.6491,1.1627,-0.28413,0.26705,0.42932,-0.33652,0.86019,1.068
-1.0408,-0.69884,1.8471,-1.1598,-0.35231,0.42932,1.033,0.86019,0.11146
-1.0303,-0.2758,1.8643,-0.7852,0.049439,0.42803,0.24845,0.86019,1.2117
-1.0924,0.017434,1.7628,-0.82266,0.28379,0.44218,-0.043411,0.86019,1.2566
-1.0274,0.22606,1.6518,-0.43398,0.58511,0.44089,-0.33652,0.86019,0.9052
-0.8695,-0.85647,1.1096,-0.70091,0.61859,1.3643,0.3158,0.86019,-0.13516
-0.29824,-0.85647,0.64865,0.47919,-0.15144,-0.30891,1.0429,0.86019,0.31977
-0.6475,-0.85647,1.8753,-1.0474,0.9199,0.90904,-0.02096,0.86019,1.0261
-0.82739,-0.85647,0.72365,-0.53232,0.21684,0.32257,1.5992,0.86019,0.50653
-0.28484,-0.85647,1.0018,0.5307,-0.067739,0.90904,-0.24048,0.86019,0.25931
1.5772,-0.57831,0.3877,-0.91632,0.90316,-0.076124,-0.76807,-0.2796,1.2697
1.5772,-0.57831,0.3877,-0.91632,0.90316,-0.076124,-0.76807,-0.2796,0.51492
1.5772,-0.57831,0.3877,-0.91632,0.90316,-0.076124,-0.76807,-0.2796,0.90999
1.5772,-0.57831,0.3877,-0.91632,0.68555,-0.076124,-0.76807,-0.2796,1.0519
1.5772,-0.57831,0.3877,-0.91632,0.90316,-0.076124,-0.76807,-0.67536,-0.027413
1.5772,-0.57831,0.3877,-0.91632,0.90316,-0.076124,-0.76807,-0.67536,-0.64636
1.5772,-0.57831,0.3877,-0.91632,0.90316,-0.076124,-0.76807,-0.67536,-0.74633
1.5772,-0.57831,0.3877,-0.91632,0.90316,-0.076124,-0.76807,-0.61203,0.96925
1.5772,-0.57831,0.3877,-0.91632,0.90316,-0.076124,-0.76807,-0.61203,0.13181
1.5772,-0.57831,0.3877,-0.91632,0.90316,-0.076124,-0.76807,-0.61203,0.20843
1.5772,-0.57831,0.3877,-0.91632,0.90316,-0.076124,-0.76807,0.16365,1.5116
1.5772,-0.57831,0.3877,-0.91632,0.90316,-0.076124,-0.76807,0.16365,1.2165
1.5772,-0.57831,0.3877,-0.91632,0.90316,-0.076124,-0.76807,0.16365,1.1632
1.5772,-0.57831,0.3877,-0.91632,0.68555,-0.076124,-0.76807,0.16365,1.1345
1.0127,-0.62467,0.62209,-1.1505,1.3551,-0.4491,0.89078,-0.2796,0.8633
1.0127,-0.62467,0.62209,-1.1505,1.2882,-0.4491,0.89078,-0.2796,0.6502
1.0127,-0.62467,0.62209,-1.1505,0.90316,-0.4491,0.89078,-0.2796,0.6502
1.0127,-0.62467,0.62209,-1.1505,1.3551,-0.4491,0.89078,-0.67536,-0.78224
1.0127,-0.62467,0.62209,-1.1505,1.2882,-0.4491,0.89078,-0.67536,-0.61703
1.0127,-0.62467,0.62209,-1.1505,0.90316,-0.4491,0.89078,-0.67536,-0.062731
1.0127,-0.62467,0.62209,-1.1505,1.3551,-0.4491,0.89078,-0.61203,0.061179
1.0127,-0.62467,0.62209,-1.1505,1.2882,-0.4491,0.89078,-0.61203,0.60351
1.0127,-0.62467,0.62209,-1.1505,0.90316,-0.4491,0.89078,-0.61203,0.3503
1.0127,-0.62467,0.62209,-1.1505,1.3551,-0.4491,0.89078,0.16365,1.2284
1.0127,-0.62467,0.62209,-1.1505,1.2882,-0.4491,0.89078,0.16365,0.72742
1.0127,-0.62467,0.62209,-1.1505,0.90316,-0.4491,0.89078,0.16365,1.5349
0.70648,-0.63626,0.66896,-1.7124,1.1543,-0.076124,1.2151,-0.2796,0.49157
0.70648,-0.63626,0.66896,-1.7124,1.0203,-0.076124,1.2151,-0.2796,1.1752
2.0078,-0.55513,1.0752,1.3315,-0.38579,-1.1693,-0.93021,-0.2796,1.1812
2.0078,-0.55513,1.0752,0.91002,-0.38579,-1.941,-0.93021,-0.2796,1.323
2.0078,-0.55513,1.0752,1.3315,-0.38579,-1.1693,-0.93021,-0.67536,-0.61105
2.0078,-0.55513,1.0752,1.3315,-0.38579,-1.1693,-0.93021,-0.61203,-0.13935
2.0078,-0.55513,1.0752,1.3315,-0.38579,-1.1693,-0.93021,0.16365,1.423
2.0078,-0.55513,1.0752,0.91002,-0.38579,-1.941,-0.93021,-0.67536,-0.3752
2.0078,-0.55513,1.0752,0.91002,-0.38579,-1.941,-0.93021,-0.61203,0.12583
2.0078,-0.55513,1.0752,0.91002,-0.38579,-1.941,-0.93021,0.16365,1.5589
1.3667,-0.60149,1.2159,-0.16705,0.38423,-1.941,-0.29411,-0.2796,1.5702
1.3667,-0.60149,1.2159,-0.16705,0.38423,-1.1693,-0.29411,-0.67536,-0.22794
1.3667,-0.60149,1.2159,-0.63534,0.45119,-1.941,-0.29411,-0.2796,2.1718
1.3667,-0.60149,1.2159,-0.16705,0.38423,-1.941,-0.29411,-0.61203,0.19048
1.3667,-0.60149,1.2159,-0.16705,0.38423,-1.941,-0.29411,0.16365,1.7887
1.3667,-0.60149,1.2159,-0.63534,0.45119,-1.941,-0.29411,-0.67536,-0.22196
1.3667,-0.60149,1.2159,-0.63534,0.45119,-1.941,-0.29411,-0.61203,0.26769
1.3667,-0.60149,1.2159,-0.63534,0.45119,-1.941,-0.29411,0.16365,2.3071
-0.75754,-0.72898,1.3565,1.1442,-0.75406,-0.39765,0.34199,-0.2796,-0.82893
-0.75754,-0.72898,1.3565,1.1442,-0.75406,-0.39765,0.34199,-0.67536,-1.5544
-0.75754,-0.72898,1.3565,1.1442,-0.75406,-0.39765,0.34199,-0.61203,-1.242
-0.75754,-0.72898,1.3565,1.1442,-0.75406,-0.39765,0.34199,0.16365,-0.75231
0.0271,-0.68262,1.3565,-0.12022,-0.11796,-1.6838,0.34199,-0.2796,0.47361
0.0271,-0.68262,1.3565,-0.12022,-0.11796,-1.6838,0.34199,-0.67536,-1.3419
0.0271,-0.68262,1.3565,-0.12022,-0.11796,-1.6838,0.34199,-0.61203,-0.69964
0.0271,-0.68262,1.3565,-0.12022,-0.11796,-1.6838,0.34199,0.16365,0.5209
0.74476,-0.63626,1.3565,-1.291,0.78598,-0.39765,0.34199,-0.2796,1.6235
0.74476,-0.63626,1.3565,-1.291,0.78598,-0.39765,0.34199,-0.2796,1.417
0.74476,-0.63626,1.3565,-1.291,0.78598,-0.39765,0.34199,-0.67536,-0.64038
0.74476,-0.63626,1.3565,-1.291,0.78598,-0.39765,0.34199,-0.67536,-0.72897
0.74476,-0.63626,1.3565,-1.291,0.78598,-0.39765,0.34199,-0.61203,-0.0040681
0.74476,-0.63626,1.3565,-1.291,0.78598,-0.39765,0.34199,-0.61203,0.16713
0.74476,-0.63626,1.3565,-1.291,0.78598,-0.39765,0.34199,0.16365,1.9713
0.74476,-0.63626,1.3565,-1.291,0.78598,-0.39765,0.34199,0.16365,1.8534
1.4816,-0.85647,-0.84673,1.7061,-1.0386,-1.7301,-0.67203,-0.2796,-0.7164
0.074944,-0.85647,-0.84673,0.48856,-1.0386,-0.76805,1.5182,0.70188,-0.22435
0.074944,-0.85647,-0.84673,0.48856,-1.0386,-0.76805,1.5182,-0.67536,-1.4467
1.0701,-0.85647,-0.84673,0.48856,-1.0386,-0.41566,0.14991,-0.67536,-0.99475
1.0701,-0.85647,-0.84673,0.48856,-1.0386,-0.41566,0.14991,0.70188,0.78009
1.0701,-0.85647,-0.84673,0.48856,-1.0386,-0.41566,0.14991,-0.2796,0.22639
1.9026,-0.85647,-0.84673,0.48856,-1.0386,-0.47225,-0.76557,-0.2796,0.48618
1.9026,-0.85647,-0.84673,0.48856,-1.0386,-0.47225,-0.76557,-0.61203,-0.074703
1.9026,-0.85647,-0.84673,0.48856,-1.0386,-0.47225,-0.76557,0.70188,1.1075
1.9026,-0.85647,-0.84673,0.48856,-1.0386,-0.47225,-0.76557,-0.67536,-0.68348
0.49597,-0.85647,-0.84673,0.48856,-1.0386,-0.53655,0.86085,-0.67536,-1.209
-0.25039,-0.85647,-0.84673,0.48856,-1.0386,-1.069,2.138,0.70188,-0.83552
-0.25039,-0.85647,-0.84673,0.48856,-1.0386,-1.069,2.138,-0.61203,-1.5323
0.074944,-0.85647,-0.84673,0.48856,-1.0386,-0.76805,1.5182,-0.61203,-1.2701
-0.25039,-0.85647,-0.84673,0.48856,-1.0386,-1.069,2.138,-0.2796,-1.0217
0.49597,-0.85647,-0.84673,0.48856,-1.0386,-0.53655,0.86085,-0.2796,-0.23034
0.49597,-0.85647,-0.84673,0.48856,-1.0386,-0.53655,0.86085,-0.61203,-0.74333
0.074944,-0.85647,-0.84673,0.48856,-1.0386,-0.76805,1.5182,-0.2796,-0.61344
0.49597,-0.85647,-0.84673,0.48856,-1.0386,-0.53655,0.86085,0.70188,0.3509
1.0701,-0.85647,-0.84673,0.48856,-1.0386,-0.41566,0.14991,-0.61203,-0.48354
-0.25039,-0.85647,-0.84673,0.48856,-1.0386,-1.069,2.138,-0.67536,-1.6532
-1.1709,1.9043,-0.84673,0.19353,-1.0386,0.87045,-0.48993,-0.61203,-1.5682
-0.39775,3.3091,-0.84673,0.19353,-1.0386,-0.4028,-1.363,-0.61203,-0.62242
-0.41115,0.98406,-0.84673,0.19353,-1.0386,0.87045,-0.48993,-0.61203,-1.2049
-0.94987,2.3054,-0.84673,0.19353,-1.0386,0.50777,-0.73938,-0.2796,-0.47157
-0.83888,2.507,-0.84673,0.19353,-1.0386,0.32514,-0.86411,-0.2796,-0.19083
-0.24561,1.1173,-0.84673,0.19353,-1.0386,0.6904,-0.61465,-0.61203,-1.1121
-0.08007,1.2518,-0.84673,0.19353,-1.0386,0.50777,-0.73938,-0.61203,-0.96063
-0.39775,3.3091,-0.84673,0.19353,-1.0386,-0.4028,-1.363,-0.2796,0.21681
-0.57765,0.84961,-0.84673,0.19353,-1.0386,1.0557,-0.3652,-0.2796,-0.60266
1.1084,-0.85647,-0.84673,0.19353,-1.0386,0.87045,-0.48993,-0.2796,-0.16389
0.96963,-0.85647,-0.84673,0.19353,-1.0386,0.96305,-0.42757,-0.61203,-0.70323
-0.67429,2.8072,-0.84673,0.19353,-1.0386,0.052487,-1.0512,-0.61203,-0.83791
-1.1709,1.9043,-0.84673,0.19353,-1.0386,0.87045,-0.48993,-0.2796,-0.88281
0.14001,-0.85647,-0.84673,0.19353,-1.0386,1.5238,-0.053389,-0.61203,-1.2557
-0.24561,1.1173,-0.84673,0.19353,-1.0386,0.6904,-0.61465,-0.2796,-0.22555
-0.74319,0.71633,-0.84673,0.19353,-1.0386,1.3283,-0.17811,-0.61203,-1.4281
1.1084,-0.85647,-0.84673,0.19353,-1.0386,0.87045,-0.48993,-0.61203,-0.62062
0.9591,-0.85647,-0.84673,0.19353,-1.0386,1.6936,0.1337,-0.2796,-0.79781
0.14001,-0.85647,-0.84673,0.19353,-1.0386,1.5238,-0.053389,-0.2796,-0.63439
-0.50875,3.1086,-0.84673,0.19353,-1.0386,-0.22017,-1.2383,-0.2796,0.23238
-0.57765,0.84961,-0.84673,0.19353,-1.0386,1.0557,-0.3652,-0.61203,-1.3605
0.33426,1.5856,-0.84673,0.19353,-1.0386,0.052487,-1.0512,-0.2796,0.17252
-1.392,1.5021,-0.84673,0.19353,-1.0386,1.3283,-0.17811,-0.61203,-1.6945
-0.41211,-0.85647,-0.84673,0.19353,-1.0386,1.8762,0.19606,-0.2796,-1.0917
0.5553,-0.85647,-0.84673,0.19353,-1.0386,1.2383,-0.24048,-0.61203,-0.87622
-1.392,1.5021,-0.84673,0.19353,-1.0386,1.3283,-0.17811,-0.2796,-1.0546
-0.83888,2.507,-0.84673,0.19353,-1.0386,0.32514,-0.86411,-0.61203,-1.1145
-0.74319,0.71633,-0.84673,0.19353,-1.0386,1.3283,-0.17811,-0.2796,-0.78943
0.086427,1.3862,-0.84673,0.19353,-1.0386,0.32514,-0.86411,-0.61203,-0.83552
-0.94987,2.3054,-0.84673,0.19353,-1.0386,0.50777,-0.73938,-0.61203,-1.4036
-1.0609,0.94581,-0.84673,0.19353,-1.0386,0.6904,-0.61465,-0.2796,-0.60386
-0.67429,2.8072,-0.84673,0.19353,-1.0386,0.052487,-1.0512,-0.2796,0.11924
-0.50875,3.1086,-0.84673,0.19353,-1.0386,-0.22017,-1.2383,-0.61203,-0.83193
0.086427,1.3862,-0.84673,0.19353,-1.0386,0.32514,-0.86411,-0.2796,-0.16629
0.9591,-0.85647,-0.84673,0.19353,-1.0386,1.6936,0.1337,-0.61203,-1.2737
-0.41115,0.98406,-0.84673,0.19353,-1.0386,0.87045,-0.48993,-0.2796,-0.53323
-0.90873,0.58188,-0.84673,0.19353,-1.0386,1.4209,-0.11575,-0.61203,-1.6652
0.5553,-0.85647,-0.84673,0.19353,-1.0386,1.2383,-0.24048,-0.2796,-0.23453
-0.41211,-0.85647,-0.84673,0.19353,-1.0386,1.8762,0.19606,-0.61203,-1.5251
-0.27432,-0.85647,-0.84673,0.19353,-1.0386,1.7836,0.1337,-0.2796,-0.96063
0.96963,-0.85647,-0.84673,0.19353,-1.0386,0.96305,-0.42757,-0.2796,0.097095
-0.27432,-0.85647,-0.84673,0.19353,-1.0386,1.7836,0.1337,-0.61203,-1.4569
0.33426,1.5856,-0.84673,0.19353,-1.0386,0.052487,-1.0512,-0.61203,-0.68108
-0.90873,0.58188,-0.84673,0.19353,-1.0386,1.4209,-0.11575,-0.2796,-1.0905
-1.0609,0.94581,-0.84673,0.19353,-1.0386,0.6904,-0.61465,-0.61203,-1.5018
-0.08007,1.2518,-0.84673,0.19353,-1.0386,0.50777,-0.73938,-0.2796,-0.26565
0.55338,-0.85647,-0.84673,0.7227,-1.0386,-0.063263,0.09254,-0.67536,-1.3527
0.55338,-0.85647,-0.84673,0.7227,-1.0386,-0.063263,0.09254,-0.61203,-0.88879
0.55338,-0.85647,-0.84673,0.7227,-1.0386,-0.063263,0.09254,-0.50122,-0.52545
0.55338,-0.85647,-0.84673,0.7227,-1.0386,-0.063263,0.09254,-0.2796,-0.22615
0.55338,-0.85647,-0.84673,0.7227,-1.0386,-0.063263,0.09254,0.70188,-0.038787
0.55338,-0.85647,-0.84673,0.7227,-1.0386,-0.063263,0.09254,2.1266,0.037834
0.55338,-0.85647,-0.84673,0.7227,-1.0386,-0.063263,0.09254,5.0552,0.18389
-0.4322,-0.85647,-0.84673,0.58221,-1.0386,-0.063263,1.3897,-0.67536,-1.7568
-0.4322,-0.85647,-0.84673,0.58221,-1.0386,-0.063263,1.3897,-0.50122,-1.3755
-0.4322,-0.85647,-0.84673,0.58221,-1.0386,-0.063263,1.3897,-0.2796,-1.0414
-0.4322,-0.85647,-0.84673,0.58221,-1.0386,-0.063263,1.3897,0.70188,-0.83013
-0.4322,-0.85647,-0.84673,0.53538,-1.0386,-0.063263,1.3897,2.1266,-0.70143
-0.4322,-0.85647,-0.84673,0.53538,-1.0386,-0.063263,1.3897,5.0552,-0.64277
-0.039881,-0.85647,-0.84673,0.44173,-1.0386,-0.063263,1.028,-0.50122,-0.87143
-0.039881,-0.85647,-0.84673,0.44173,-1.0386,-0.063263,1.028,-0.2796,-0.5895
-0.039881,-0.85647,-0.84673,0.44173,-1.0386,-0.063263,1.028,-0.67536,-1.464
-0.039881,-0.85647,-0.84673,0.44173,-1.0386,-0.063263,1.028,0.70188,-0.27344
-0.039881,-0.85647,-0.84673,0.44173,-1.0386,-0.063263,1.028,2.1266,-0.20879
-0.039881,-0.85647,-0.84673,0.44173,-1.0386,-0.063263,1.028,4.9761,-0.12678
-0.25996,-0.85647,-0.84673,0.76953,-1.0386,-0.063263,1.1153,-0.67536,-1.5868
-0.25996,-0.85647,-0.84673,0.76953,-1.0386,-0.063263,1.1153,0.70188,-0.53143
-0.25996,-0.85647,-0.84673,0.76953,-1.0386,-0.063263,1.1153,2.1266,-0.49013
-0.25996,-0.85647,-0.84673,0.76953,-1.0386,-0.063263,1.1153,5.0552,-0.36083
0.24718,-0.85647,-0.84673,0.53538,-1.0386,-0.063263,0.47919,2.1266,-0.079491
0.24718,-0.85647,-0.84673,0.53538,-1.0386,-0.063263,0.47919,5.0552,0.019876
0.24718,-0.85647,-0.84673,0.53538,-1.0386,-0.063263,0.47919,-0.67536,-1.3934
0.24718,-0.85647,-0.84673,0.53538,-1.0386,-0.063263,0.47919,-0.2796,-0.49611
0.24718,-0.85647,-0.84673,0.53538,-1.0386,-0.063263,0.47919,0.70188,-0.17347
-0.4322,-0.85647,-0.84673,0.53538,-1.0386,-0.063263,1.3897,-0.61203,-1.5461
-0.77668,-0.85647,-0.84673,-0.073394,-1.0386,1.9559,0.89078,-0.61203,-1.6748
-0.77668,-0.85647,-0.84673,-0.073394,-1.0386,1.9559,0.89078,-0.2796,-1.4108
-0.53746,-0.85647,-0.84673,-0.026565,-1.0386,1.8016,0.74111,-0.61203,-1.4754
-0.53746,-0.85647,-0.84673,-0.026565,-1.0386,1.8016,0.74111,-0.2796,-1.1061
0.41942,-0.85647,-0.84673,0.11392,-1.0386,1.1585,0.11749,-0.61203,-1.0941
0.41942,-0.85647,-0.84673,0.11392,-1.0386,1.1585,0.11749,-0.2796,-0.31414
-0.059019,-0.85647,-0.84673,0.067093,-1.0386,1.4801,0.4293,-0.61203,-1.294
-0.059019,-0.85647,-0.84673,0.067093,-1.0386,1.4801,0.4293,-0.2796,-0.67749
0.1802,-0.85647,-0.84673,0.11392,-1.0386,1.3129,0.26716,-0.61203,-1.2114
0.1802,-0.85647,-0.84673,0.11392,-1.0386,1.3129,0.26716,-0.2796,-0.53682
0.89786,-0.85647,-0.84673,0.20758,-1.0386,0.83701,-0.19433,-0.61203,-0.58411
0.89786,-0.85647,-0.84673,0.20758,-1.0386,0.83701,-0.19433,-0.2796,0.14319
1.1371,-0.85647,-0.84673,0.25441,-1.0386,0.66982,-0.35647,-0.2796,0.47182
1.1371,-0.85647,-0.84673,0.25441,-1.0386,0.66982,-0.35647,-0.61203,-0.33988
-0.29824,-0.85647,-0.84673,0.020264,-1.0386,1.6344,0.57897,-0.61203,-1.382
-0.29824,-0.85647,-0.84673,0.020264,-1.0386,1.6344,0.57897,-0.2796,-0.89478
0.65864,-0.85647,-0.84673,0.20758,-1.0386,0.99135,-0.044658,-0.61203,-0.9301
0.65864,-0.85647,-0.84673,0.20758,-1.0386,0.99135,-0.044658,-0.2796,-0.091463
-0.74319,2.682,-0.84673,1.0271,-1.0386,-0.12242,-1.7908,-0.61203,-0.97439
-0.29633,1.0768,-0.84673,1.0271,-1.0386,0.060204,-0.99133,0.70188,0.71185
-1.1881,1.8788,-0.84673,0.48856,-1.0386,-0.48253,0.095035,0.70188,0.45266
-1.3384,1.6007,-0.84673,1.0271,-1.0386,-0.014391,-0.31282,-0.2796,-0.35485
-1.0944,2.0434,-0.84673,1.0271,-1.0386,0.034481,-1.01,-0.67536,-1.731
-1.5173,1.275,-0.84673,1.0271,-1.0386,-0.1893,0.33077,0.70188,-0.15731
-0.93074,0.56449,-0.84673,1.0271,-1.0386,-0.17644,0.32952,-0.67536,-1.8507
-1.7144,0.91684,-0.84673,0.48856,-1.0386,-1.105,2.1006,-0.67536,-1.8705
-1.7144,0.91684,-0.84673,0.48856,-1.0386,-1.105,2.1006,0.70188,-0.62002
-1.5173,1.275,-0.84673,1.0271,-1.0386,-0.1893,0.33077,-0.2796,-0.69006
-1.0944,2.0434,-0.84673,1.0271,-1.0386,0.034481,-1.01,-0.2796,-0.11182
-0.77668,0.68503,-0.84673,0.48856,-1.0386,-0.096702,0.40685,-0.67536,-1.4611
-1.6541,1.0258,-0.84673,1.0271,-1.0386,-0.44652,0.94067,-0.2796,-0.91154
0.23092,1.5021,-0.84673,1.0271,-1.0386,-0.096702,-1.7783,-0.61203,-0.59428
-1.6541,1.0258,-0.84673,1.0271,-1.0386,-0.44652,0.94067,0.70188,-0.39435
-1.5805,1.1486,-0.84673,0.48856,-1.0386,-0.81178,1.4757,0.70188,-0.2872
-1.3384,1.6007,-0.84673,1.0271,-1.0386,-0.014391,-0.31282,-0.61203,-1.5221
-1.1881,1.8788,-0.84673,0.48856,-1.0386,-0.48253,0.095035,-0.2796,-0.12917
-1.4178,1.4616,-0.84673,0.48856,-1.0386,-0.58542,0.81844,-0.2796,-0.47576
-0.29633,1.0768,-0.84673,1.0271,-1.0386,0.060204,-0.99133,-0.61203,-0.98577
-1.035,0.488,-0.84673,0.48856,-1.0386,-0.33592,1.038,-0.61203,-1.4622
-0.85323,2.4815,-0.84673,0.48856,-1.0386,-0.55456,-0.71693,-0.67536,-1.3784
-0.85323,2.4815,-0.84673,0.48856,-1.0386,-0.55456,-0.71693,-0.2796,0.20963
-1.2264,0.32573,-0.84673,0.48856,-1.0386,-1.0921,2.1143,-0.67536,-1.8579
0.065375,1.3689,-0.84673,0.48856,-1.0386,-0.52626,-0.69573,-0.67536,-1.1797
0.23092,1.5021,-0.84673,1.0271,-1.0386,-0.096702,-1.7783,-0.2796,0.45266
-0.4322,0.9632,-0.84673,0.48856,-1.0386,-0.0041018,-0.30533,-0.61203,-0.92172
-1.035,0.488,-0.84673,0.48856,-1.0386,-0.33592,1.038,-0.67536,-1.7286
-0.66185,0.78123,-0.84673,1.0271,-1.0386,0.0061871,-0.29411,-0.61203,-1.2444
-0.4322,0.9632,-0.84673,0.48856,-1.0386,-0.0041018,-0.30533,-0.67536,-1.3318
-0.93074,0.56449,-0.84673,1.0271,-1.0386,-0.17644,0.32952,0.70188,-0.19682
-1.0944,2.0434,-0.84673,1.0271,-1.0386,0.034481,-1.01,-0.61203,-1.2013
-1.7144,0.91684,-0.84673,0.48856,-1.0386,-1.105,2.1006,-0.61203,-1.6843
0.065375,1.3689,-0.84673,0.48856,-1.0386,-0.52626,-0.69573,-0.2796,0.1785
-0.66185,0.78123,-0.84673,1.0271,-1.0386,0.0061871,-0.29411,-0.2796,-0.16868
-1.7144,0.91684,-0.84673,0.48856,-1.0386,-1.105,2.1006,-0.2796,-1.1097
-1.035,0.488,-0.84673,0.48856,-1.0386,-0.33592,1.038,-0.2796,-0.69066
-0.93074,0.56449,-0.84673,1.0271,-1.0386,-0.17644,0.32952,-0.2796,-0.70443
-1.4178,1.4616,-0.84673,0.48856,-1.0386,-0.58542,0.81844,0.70188,0.046214
-0.85323,2.4815,-0.84673,0.48856,-1.0386,-0.55456,-0.71693,0.70188,0.89263
-1.4178,1.4616,-0.84673,0.48856,-1.0386,-0.58542,0.81844,-0.61203,-1.3264
0.23092,1.5021,-0.84673,1.0271,-1.0386,-0.096702,-1.7783,-0.67536,-1.2976
-0.4322,0.9632,-0.84673,0.48856,-1.0386,-0.0041018,-0.30533,0.70188,0.71604
-1.6541,1.0258,-0.84673,1.0271,-1.0386,-0.44652,0.94067,-0.67536,-2.0046
-1.1881,1.8788,-0.84673,0.48856,-1.0386,-0.48253,0.095035,-0.61203,-1.133
0.065375,1.3689,-0.84673,0.48856,-1.0386,-0.52626,-0.69573,-0.61203,-0.73615
-0.66185,0.78123,-0.84673,1.0271,-1.0386,0.0061871,-0.29411,-0.67536,-1.7364
-0.66185,0.78123,-0.84673,1.0271,-1.0386,0.0061871,-0.29411,0.70188,0.23238
-1.2264,0.32573,-0.84673,0.48856,-1.0386,-1.0921,2.1143,-0.2796,-1.069
-0.4322,0.9632,-0.84673,0.48856,-1.0386,-0.0041018,-0.30533,-0.2796,-0.17587
-1.5805,1.1486,-0.84673,0.48856,-1.0386,-0.81178,1.4757,-0.2796,-0.80619
-0.93074,0.56449,-0.84673,1.0271,-1.0386,-0.17644,0.32952,-0.61203,-1.4982
-1.6541,1.0258,-0.84673,1.0271,-1.0386,-0.44652,0.94067,-0.61203,-1.6819
-0.74319,2.682,-0.84673,1.0271,-1.0386,-0.12242,-1.7908,-0.2796,0.3509
-0.74319,2.682,-0.84673,1.0271,-1.0386,-0.12242,-1.7908,-0.67536,-1.5718
-1.4178,1.4616,-0.84673,0.48856,-1.0386,-0.58542,0.81844,-0.67536,-1.7322
0.065375,1.3689,-0.84673,0.48856,-1.0386,-0.52626,-0.69573,0.70188,0.88066
-0.77668,0.68503,-0.84673,0.48856,-1.0386,-0.096702,0.40685,-0.61203,-1.1163
-0.77668,0.68503,-0.84673,0.48856,-1.0386,-0.096702,0.40685,-0.2796,-0.32192
-0.29633,1.0768,-0.84673,1.0271,-1.0386,0.060204,-0.99133,-0.67536,-1.5616
-1.5173,1.275,-0.84673,1.0271,-1.0386,-0.1893,0.33077,-0.67536,-1.9453
-1.2264,0.32573,-0.84673,0.48856,-1.0386,-1.0921,2.1143,0.70188,-0.56854
-0.77668,0.68503,-0.84673,0.48856,-1.0386,-0.096702,0.40685,0.70188,0.44488
-1.5805,1.1486,-0.84673,0.48856,-1.0386,-0.81178,1.4757,-0.67536,-1.7681
-1.035,0.488,-0.84673,0.48856,-1.0386,-0.33592,1.038,0.70188,-0.22256
-0.29633,1.0768,-0.84673,1.0271,-1.0386,0.060204,-0.99133,-0.2796,0.068362
0.23092,1.5021,-0.84673,1.0271,-1.0386,-0.096702,-1.7783,0.70188,1.1243
-0.85323,2.4815,-0.84673,0.48856,-1.0386,-0.55456,-0.71693,-0.61203,-0.85827
-1.1881,1.8788,-0.84673,0.48856,-1.0386,-0.48253,0.095035,-0.67536,-1.564
-1.2264,0.32573,-0.84673,0.48856,-1.0386,-1.0921,2.1143,-0.61203,-1.643
-1.3384,1.6007,-0.84673,1.0271,-1.0386,-0.014391,-0.31282,0.70188,0.22998
-1.5805,1.1486,-0.84673,0.48856,-1.0386,-0.81178,1.4757,-0.61203,-1.5401
-1.3384,1.6007,-0.84673,1.0271,-1.0386,-0.014391,-0.31282,-0.67536,-1.8549
-1.5173,1.275,-0.84673,1.0271,-1.0386,-0.1893,0.33077,-0.61203,-1.5245
-1.0944,2.0434,-0.84673,1.0271,-1.0386,0.034481,-1.01,0.70188,0.46403
-0.74319,2.682,-0.84673,1.0271,-1.0386,-0.12242,-1.7908,0.70188,0.96027
0.27589,-0.85647,-0.84673,0.48856,-1.0386,0.50262,0.7037,-0.67536,-1.4347
0.27589,-0.85647,-0.84673,0.48856,-1.0386,0.50262,0.7037,-0.61203,-1.1121
0.27589,-0.85647,-0.84673,0.48856,-1.0386,0.50262,0.7037,-0.2796,-0.47816
0.27589,-0.85647,-0.84673,0.48856,-1.0386,0.50262,0.7037,0.70188,-0.0034695
0.27589,-0.85647,-0.84673,0.48856,-1.0386,0.50262,0.7037,1.1768,0.17252
0.47683,-0.85647,-0.84673,0.48856,-1.0386,0.66982,0.59144,-0.67536,-1.2875
0.47683,-0.85647,-0.84673,0.48856,-1.0386,0.66982,0.59144,-0.61203,-1.1001
0.47683,-0.85647,-0.84673,0.48856,-1.0386,0.66982,0.59144,-0.2796,-0.24411
0.47683,-0.85647,-0.84673,0.48856,-1.0386,0.66982,0.59144,0.70188,0.12523
0.47683,-0.85647,-0.84673,0.48856,-1.0386,0.66982,0.59144,1.1768,0.21322
0.64907,-0.85647,-0.84673,0.48856,-1.0386,1.0685,0.44177,-0.67536,-1.1941
0.64907,-0.85647,-0.84673,0.48856,-1.0386,1.0685,0.44177,-0.61203,-1.6047
0.64907,-0.85647,-0.84673,0.48856,-1.0386,1.0685,0.44177,-0.2796,-0.13217
0.64907,-0.85647,-0.84673,0.48856,-1.0386,1.0685,0.44177,0.70188,0.28984
0.64907,-0.85647,-0.84673,0.48856,-1.0386,1.0685,0.44177,1.1768,0.30181
-0.41306,-0.85647,-0.84673,0.20758,-1.0386,1.8788,0.19232,-0.61203,-1.4227
-0.41306,-0.85647,-0.84673,0.20758,-1.0386,1.8788,0.19232,-0.2796,-1.0941
0.14193,-0.85647,-0.84673,0.20758,-1.0386,1.5058,-0.05713,-0.61203,-1.0121
0.14193,-0.85647,-0.84673,0.20758,-1.0386,1.5058,-0.05713,-0.2796,-0.63678
0.15149,-0.85647,-0.84673,0.20758,-1.0386,0.86274,-0.49367,-0.61203,-0.2908
1.9026,-0.85647,-0.84673,0.48856,-1.0386,-0.47482,-0.65581,-0.2796,0.48319
1.9026,-0.85647,-0.84673,0.48856,-1.0386,-0.47482,-0.65581,0.70188,1.1051
1.1084,-0.85647,-0.84673,0.20758,-1.0386,0.86274,-0.49367,-0.2796,0.067165
-0.0016063,-0.85647,-0.84673,0.20758,-1.0386,1.6858,0.0052324,-0.61203,-1.2761
-0.0016063,-0.85647,-0.84673,0.16075,-1.0386,1.6858,0.0052324,-0.2796,-0.8008
2.094,-0.85647,-0.84673,0.86319,-1.0386,1.9559,-2.0029,-0.70702,-1.3874
2.094,-0.85647,-0.84673,0.86319,-1.0386,1.9559,-2.0029,-0.67536,-0.58411
2.094,-0.85647,-0.84673,0.86319,-1.0386,1.9559,-2.0029,-0.61203,-0.15611
2.094,-0.85647,-0.84673,0.86319,-1.0386,1.9559,-2.0029,-0.50122,0.067165
2.094,-0.85647,-0.84673,0.86319,-1.0386,1.9559,-2.0029,-0.2796,0.49516
2.4767,-0.85647,-0.84673,-0.4012,-1.0386,1.9559,-2.0029,-0.61203,1.0052
2.4767,-0.85647,-0.84673,-0.4012,-1.0386,1.9559,-2.0029,-0.50122,1.4332
2.4767,-0.85647,-0.84673,-0.4012,-1.0386,1.9559,-2.0029,-0.2796,1.8851
2.4767,-0.85647,-0.84673,-0.4012,-1.0386,1.9559,-2.0029,0.70188,2.0258
2.4767,-0.85647,-0.84673,-0.4012,-1.0386,1.9559,-2.0029,2.1266,2.1431
2.4767,-0.85647,-0.84673,-0.4012,-1.0386,1.9559,-2.0029,3.5513,2.2957
0.65864,-0.85647,-0.84673,1.0037,-1.0386,0.013904,0.017705,-0.61203,-1.0588
0.65864,-0.85647,-0.84673,1.0037,-1.0386,0.013904,0.017705,-0.50122,-0.79541
0.65864,-0.85647,-0.84673,1.0037,-1.0386,0.013904,0.017705,-0.2796,-0.50749
0.65864,-0.85647,-0.84673,1.0037,-1.0386,0.013904,0.017705,0.16365,-0.34946
0.65864,-0.85647,-0.84673,1.0037,-1.0386,0.013904,0.017705,0.70188,-0.26745
0.65864,-0.85647,-0.84673,1.0037,-1.0386,0.013904,0.017705,2.1266,-0.18544
0.99355,-0.85647,-0.84673,0.20758,-1.0386,-0.088985,-0.13197,-0.70702,-1.7687
0.99355,-0.85647,-0.84673,0.20758,-1.0386,-0.088985,-0.13197,-0.67536,-1.2641
0.99355,-0.85647,-0.84673,0.20758,-1.0386,-0.088985,-0.13197,-0.61203,-0.75411
0.99355,-0.85647,-0.84673,0.20758,-1.0386,-0.088985,-0.13197,-0.50122,-0.47277
0.99355,-0.85647,-0.84673,0.20758,-1.0386,-0.088985,-0.13197,-0.2796,-0.26745
0.47683,-0.85647,-0.84673,0.48856,-1.0386,0.065348,0.64133,2.1266,0.19048
0.47683,-0.85647,-0.84673,0.48856,-1.0386,0.065348,0.64133,4.9761,0.32456
0.64907,-0.85647,-0.84673,0.48856,-1.0386,0.95276,0.40435,-0.67536,-1.2468
0.47683,-0.85647,-0.84673,0.48856,-1.0386,0.065348,0.64133,-0.67536,-1.3347
0.96484,-0.85647,-0.84673,0.20758,-1.0386,0.95276,-0.43131,-0.61203,-0.70742
0.96484,-0.85647,-0.84673,0.20758,-1.0386,0.95276,-0.43131,-0.2796,0.095897
0.96484,-0.85647,-0.84673,0.20758,-1.0386,1.7759,0.12996,-0.61203,-1.4575
-0.0016063,-0.85647,-0.84673,0.20758,-1.0386,1.6858,0.0052324,-0.2796,-0.8008
0.55338,-0.85647,-0.84673,0.16075,-1.0386,1.2357,-0.24422,-0.61203,-0.87742
0.55338,-0.85647,-0.84673,0.16075,-1.0386,1.2357,-0.24422,-0.2796,-0.23812
0.13236,-0.85647,-0.84673,0.16075,-1.0386,1.2357,-0.05713,-0.61203,-1.2581
0.13236,-0.85647,-0.84673,0.16075,-1.0386,1.2357,-0.05713,-0.2796,-0.63678
-0.41306,-0.85647,-0.84673,0.16075,-1.0386,1.8659,0.19232,-0.2796,-1.0941
0.14193,-0.85647,-0.84673,0.48856,-1.0386,1.4415,-0.10702,-0.61203,-1.294
0.14193,-0.85647,-0.84673,0.48856,-1.0386,1.4415,-0.10702,-0.2796,-0.84809
0.14193,-0.85647,-0.84673,0.48856,-1.0386,1.4415,-0.10702,0.70188,-0.38478
0.47683,-0.85647,-0.84673,0.48856,-1.0386,-1.2079,0.64133,-0.67536,-1.3347
0.47683,-0.85647,-0.84673,0.48856,-1.0386,0.065348,0.64133,-0.61203,-1.1707
0.47683,-0.85647,-0.84673,0.48856,-1.0386,0.065348,0.64133,-0.2796,-0.26146
0.47683,-0.85647,-0.84673,0.48856,-1.0386,0.065348,0.64133,0.70188,0.084524
0.64907,-0.85647,-0.84673,0.48856,-1.0386,0.95276,0.40435,-0.61203,-1.0588
0.64907,-0.85647,-0.84673,0.48856,-1.0386,0.95276,0.40435,-0.2796,-0.18544
0.64907,-0.85647,-0.84673,0.48856,-1.0386,0.95276,0.40435,0.70188,0.21981
0.64907,-0.85647,-0.84673,0.48856,-1.0386,0.95276,0.40435,2.1266,0.31319
0.64907,-0.85647,-0.84673,0.48856,-1.0386,0.95276,0.40435,4.9761,0.37784
0.19934,-0.85647,-0.84673,1.0037,-1.0386,0.013904,0.54155,-0.50122,-1.0588
0.19934,-0.85647,-0.84673,1.0037,-1.0386,0.013904,0.54155,2.1266,-0.5434
2.3332,-0.85647,-0.84673,0.34807,-1.0386,1.9559,-2.0029,2.1266,1.5625
2.094,-0.85647,-0.84673,0.86319,-1.0386,1.9559,-2.0029,0.70188,0.68252
2.094,-0.85647,-0.84673,0.86319,-1.0386,1.9559,-2.0029,2.1266,0.91119
2.094,-0.85647,-0.84673,0.86319,-1.0386,1.9559,-2.0029,3.5513,1.1578
2.4767,-0.85647,-0.84673,-0.4012,-1.0386,1.9559,-2.0029,-0.67536,0.34851
-0.2791,-0.85647,-0.84673,0.16075,-1.0386,1.7759,0.12996,-0.61203,-1.3234
-0.2791,-0.85647,-0.84673,0.16075,-1.0386,1.7759,0.12996,-0.2796,-0.96541
0.55338,-0.85647,-0.84673,0.16075,-1.0386,1.12,-0.24422,-0.2796,-0.24949
1.0701,-0.85647,-0.84673,0.48856,-1.0386,-0.42337,-0.19433,-0.67536,-1.0001
1.0701,-0.85647,-0.84673,0.48856,-1.0386,-0.42337,-0.19433,-0.2796,0.22519
1.0701,-0.85647,-0.84673,0.48856,-1.0386,-0.42337,-0.19433,0.70188,0.7765
0.96484,-0.85647,-0.84673,0.16075,-1.0386,0.95276,-0.43131,-0.61203,-0.70742
0.96484,-0.85647,-0.84673,0.16075,-1.0386,0.95276,-0.43131,-0.2796,0.095897
-0.2791,-0.85647,-0.84673,0.20758,-1.0386,1.7759,0.12996,-0.61203,-1.4575
-0.2791,-0.85647,-0.84673,0.16075,-1.0386,1.7759,0.12996,-0.2796,-0.96541
0.27589,-0.85647,-0.84673,0.48856,-1.0386,-0.037541,0.95315,-0.61203,-1.2468
0.27589,-0.85647,-0.84673,0.48856,-1.0386,-0.037541,0.95315,-0.2796,-0.47277
0.27589,-0.85647,-0.84673,0.48856,-1.0386,-0.037541,0.95315,0.70188,-0.068118
0.27589,-0.85647,-0.84673,0.48856,-1.0386,-0.037541,0.95315,2.1266,0.09051
0.27589,-0.85647,-0.84673,0.48856,-1.0386,-0.037541,0.95315,4.9761,0.1372
2.3332,-0.85647,-0.84673,0.34807,-1.0386,1.9559,-2.0029,-0.67536,-0.12079
2.3332,-0.85647,-0.84673,0.34807,-1.0386,1.9559,-2.0029,-0.61203,0.3952
2.3332,-0.85647,-0.84673,0.34807,-1.0386,1.9559,-2.0029,-0.50122,0.75316
2.3332,-0.85647,-0.84673,0.34807,-1.0386,1.9559,-2.0029,-0.2796,1.2045
2.3332,-0.85647,-0.84673,0.34807,-1.0386,1.9559,-2.0029,0.70188,1.3745
2.3332,-0.85647,-0.84673,0.34807,-1.0386,1.9559,-2.0029,3.5513,1.8731
0.39071,-0.85647,-0.84673,1.0037,-1.0386,0.013904,0.32952,-0.50122,-0.90077
0.39071,-0.85647,-0.84673,1.0037,-1.0386,0.013904,0.32952,-0.2796,-0.63678
0.39071,-0.85647,-0.84673,1.0037,-1.0386,0.013904,0.32952,2.1266,-0.3728
0.19934,-0.85647,-0.84673,1.0037,-1.0386,0.013904,0.54155,-0.2796,-0.8421
1.1084,-0.85647,-0.84673,0.16075,-1.0386,0.86274,-0.49367,-0.2796,0.19586
1.9026,-0.85647,-0.84673,0.48856,-1.0386,-0.47482,-0.65581,-0.67536,-0.68407
2.3045,-0.85647,-0.84673,-1.6656,-1.0386,-0.98926,1.5269,-0.61203,0.87946
2.3045,-0.85647,-0.84673,-1.6656,-1.0386,-0.98926,1.5269,-0.2796,2.3448
-0.078157,0.36051,0.43458,1.3315,0.46793,-0.88637,-1.1672,-0.2796,0.080933
-1.1403,1.3457,1.4659,-0.12022,2.1419,-1.7352,-0.40636,-0.2796,-0.12319
-1.2168,0.81253,0.90335,1.7998,0.63533,-0.64201,-1.4416,-0.2796,-1.1564
-1.2838,0.47641,0.54396,0.95685,0.46793,-1.4523,0.69122,-0.2796,-0.94746
-1.236,1.2066,1.3252,-0.63534,1.9745,-0.37193,-0.9801,-0.2796,0.031848
0.27589,0.80094,0.88772,-0.63534,2.6441,-0.75776,-1.5289,-0.2796,-0.12738
-1.3125,-0.85647,1.8878,-1.1036,1.9745,-0.38479,0.87831,-0.2796,-1.221
0.21848,0.76616,-0.84673,1.5188,-0.034259,-1.0021,-0.64334,-0.2796,-0.14354
0.88829,-0.85647,-0.84673,0.3949,0.13314,0.51549,-0.54356,-0.2796,0.19347
-1.169,0.87048,0.96585,-0.30754,1.4723,-0.25618,-0.66829,-0.2796,-0.48714
-1.2264,1.9136,-0.84673,0.86319,-0.034259,0.37401,-1.1173,-0.2796,-0.53622
0.27589,0.80094,-0.84673,-0.63534,0.63533,-0.75776,0.37941,-0.2796,0.56759
0.22804,-0.85647,0.71584,0.67587,0.63533,-0.17901,-0.85537,-0.2796,-0.34108
-1.2455,-0.85647,2.0284,-0.68217,0.97012,0.23254,-0.019713,-0.2796,-1.212
-1.3317,1.0791,1.1846,-0.35437,0.80272,-1.1565,0.14243,-0.2796,0.52629
0.16106,0.73139,0.82522,0.91002,-0.034259,-1.2208,-1.479,-0.2796,1.0596
0.38115,1.0443,-0.84673,0.3949,-0.20166,-1.3236,0.0052324,-0.2796,1.2805
0.81174,1.3109,-0.84673,0.44173,0.13314,-1.9153,-0.2068,-0.2796,1.8013
-0.011175,0.63867,0.71584,-0.44803,0.46793,-1.9024,0.39188,-0.2796,1.0177
-0.2791,0.26778,0.34082,0.58221,0.30053,-1.7738,0.59144,-0.2796,-0.14474
-1.1116,-0.85647,1.4971,0.020264,0.97012,0.6441,-0.55603,-0.2796,-1.0648
-1.1977,1.96,-0.84673,-0.073394,0.80272,0.63124,-0.94268,-0.2796,0.092306
-1.1594,1.3225,1.4346,1.0037,0.80272,-1.851,-0.79301,-0.2796,-0.17826
0.16106,-0.85647,0.82522,0.20758,-0.034259,-1.2079,0.51661,-0.2796,0.40836
0.35244,-0.85647,1.1221,1.3315,-0.034259,-1.4394,-0.45625,-0.2796,0.25393
0.055807,0.54595,0.62209,0.30124,0.46793,-0.88637,-0.96763,-0.2796,0.36646
0.42899,1.0675,-0.84673,-0.35437,0.46793,-1.1693,0.20479,-0.2796,1.5212
0.71605,-0.85647,1.3721,0.53538,0.80272,-2.2111,0.055123,-0.2796,0.30241
-1.4274,1.5427,1.669,-0.12022,-0.20166,-1.3622,-0.46872,-0.2796,-0.15072
0.39071,0.87048,-0.84673,0.20758,0.30053,-0.2819,-0.80548,-0.2796,0.99379
-1.1212,-0.85647,2.2784,-0.026565,1.1375,-1.5937,0.90326,-0.2796,-1.2408
0.31416,-0.85647,0.91898,-0.54169,0.63533,-0.61629,0.11749,-0.2796,0.15815
0.38115,-0.85647,1.1534,0.020264,0.80272,-1.3236,0.080068,-0.2796,0.08632
-1.3508,1.0443,1.1534,2.5959,-0.034259,-1.3365,-1.4665,-0.2796,-0.035195
0.065375,0.54595,-0.84673,-0.21388,0.13314,-0.83493,0.69122,-0.2796,0.37784
0.16106,-0.85647,0.82522,1.3315,0.80272,-1.195,-0.36894,-0.2796,-0.23632
-0.15471,0.43005,0.49708,0.62904,-0.034259,-1.7995,0.20479,-0.2796,0.34252
-1.1594,2.0411,-0.84673,-0.63534,0.97012,0.97848,-1.0674,-0.2796,0.21741
-1.102,2.157,-0.84673,0.067093,1.1375,-1.4651,0.66628,-0.2796,0.12523
-0.04945,0.488,0.55958,-0.073394,0.46793,-1.3236,-0.069603,-0.2796,0.50653
0.39071,-0.85647,0.96585,0.67587,0.63533,-1.9924,0.49166,-0.2796,-0.27763
-1.2647,0.75457,0.85647,0.53538,-0.034259,-1.0407,0.080068,-0.2796,-0.72598
-1.169,1.3109,-0.84673,-0.26071,0.80272,0.21968,0.19232,-0.2796,-0.18305
-0.19298,0.30255,0.37207,0.91002,0.46793,-1.4008,-0.15691,-0.2796,-0.2046
-0.42263,0.20983,0.26269,3.0642,-0.034259,-1.5423,-0.9801,-0.2796,-0.43027
0.3046,-0.85647,0.91898,-0.16705,0.30053,0.37401,-1.0549,-0.2796,0.058785
-1.2073,1.2645,-0.84673,0.53538,0.46793,0.95276,-0.95515,-0.2796,-1.0498
-1.2934,1.8093,-0.84673,0.95685,-0.53645,-1.8767,1.2275,-0.2796,-0.16509
0.14193,-0.85647,0.82522,1.8466,0.80272,-1.9796,0.055123,-0.2796,-0.26326
-1.4178,1.5775,-0.84673,0.67587,-0.53645,-0.30762,0.26716,-0.2796,-0.28661
0.3046,0.82412,-0.84673,-0.16705,0.30053,-1.3622,0.62886,-0.2796,0.51312
-1.236,-0.85647,0.90335,0.11392,0.30053,0.2454,0.52908,-0.2796,-1.415
-1.2264,0.82412,0.91898,-0.16705,0.30053,0.37401,-1.0549,-0.2796,-0.61404
-1.3508,0.68503,0.76272,0.86319,0.13314,-0.73204,-0.25669,-0.2796,0.037235
-1.2647,1.8788,-0.84673,-0.26071,1.1375,-1.6195,1.4895,-0.2796,-0.17108
0.1802,-0.85647,1.0284,1.4251,0.63533,-1.2208,-0.56851,-0.2796,-0.717
-1.2264,0.82412,0.91898,-0.16705,0.30053,-1.3622,0.62886,-0.2796,-0.57393
-1.2743,-0.85647,1.294,-1.1036,1.6397,0.37401,0.7037,-0.2796,-1.0696
0.42899,-0.85647,1.3096,0.81636,0.80272,-2.2111,0.22974,-0.2796,0.29104
-1.2264,0.82412,-0.84673,-0.16705,0.30053,0.34829,0.60392,-0.2796,-1.0061
-0.18341,0.43005,0.49708,0.62904,-0.20166,-1.0021,-0.50614,-0.2796,-0.12558
-1.1786,-0.85647,2.2003,1.7998,0.80272,-0.96354,-0.75559,-0.2796,-1.6328
-1.2455,-0.85647,2.044,-0.68217,1.6397,1.3,-1.1921,-0.2796,-1.3383
-0.078157,-0.85647,0.55958,0.81636,0.80272,-0.53912,-0.14444,-0.2796,-0.21418
-1.2647,0.51118,0.59083,0.067093,0.13314,-0.25618,0.080068,-0.2796,-0.73615
-1.3221,1.1023,1.3877,0.44173,0.30053,-0.076124,-1.6287,-0.2796,-0.36502
-0.20255,0.31414,0.37207,-0.49486,0.63533,-0.47482,-0.13197,-0.2796,0.83516
0.3046,1.0096,-0.84673,-0.16705,0.63533,-0.71918,-0.18186,-0.2796,0.99499
0.0271,0.53436,-0.84673,-0.63534,0.13314,-0.037541,0.25468,-0.2796,0.306
0.52468,-0.85647,-0.84673,0.020264,-0.53645,0.16824,0.54155,-0.2796,0.54125
-1.303,-0.85647,1.2471,-0.026565,0.80272,0.078209,0.47919,-0.2796,-1.3539
-1.2551,1.8904,-0.84673,-0.35437,0.97012,1.2357,-1.2296,-0.2796,0.096496
-1.3125,1.1139,1.2315,0.48856,0.30053,-2.0439,0.39188,-0.2796,-0.35604
0.47683,1.1139,-0.84673,0.62904,0.30053,-2.0825,0.35446,-0.2796,1.2446
-1.2073,-0.85647,1.3877,0.53538,0.46793,0.95276,-0.95515,-0.2796,-1.3982
-1.2073,1.2645,-0.84673,0.53538,0.46793,-1.2336,1.1777,-0.2796,-0.71999
-1.3987,-0.85647,1.7471,-0.073394,0.63533,-0.15329,0.39188,-0.2796,-1.3485
-0.14514,0.44164,0.51271,-0.16705,0.63533,-0.80921,-0.35647,-0.2796,0.21562
0.31416,0.82412,0.91898,-0.12022,0.30053,-1.3365,-1.0425,-0.2796,0.62326
0.3046,0.82412,-0.84673,-2.5553,0.30053,0.34829,0.60392,-0.2796,0.5209
-1.2934,1.1486,-0.84673,0.020264,-0.53645,0.16824,0.54155,-0.2796,-0.72298
-1.3125,0.7198,0.80959,-0.16705,0.13314,-0.41051,0.0052324,-0.2796,-0.57932
-1.2743,-0.85647,1.9972,-0.026565,1.4723,-1.7223,1.3772,-0.2796,-1.215
-0.039881,0.49959,0.57521,0.44173,0.13314,-0.34621,-1.3418,-0.2796,0.46403
0.16106,-0.85647,0.82522,-0.82266,1.1375,-0.25618,0.12996,-0.2796,0.0025164
0.3046,0.82412,-0.84673,-0.16705,0.30053,0.37401,-1.0549,-0.2796,0.31319
-1.2073,1.2761,1.3877,0.58221,0.46793,-1.195,-0.93021,-0.2796,-0.40872
0.074944,0.69662,-0.84673,0.62904,-0.034259,-0.62915,-0.16938,-0.2796,0.62386
-1.2743,1.1718,-0.84673,-0.49486,-0.70385,0.34829,0.67875,-0.2796,-0.53263
-1.303,-0.85647,1.9503,0.95685,0.30053,-1.9153,1.1901,-0.2796,-1.5131
0.3046,-0.85647,-0.84673,-0.16705,0.30053,0.34829,0.60392,-0.2796,-0.64157
-1.3891,1.0212,1.1221,-0.44803,0.63533,-0.64201,-0.11949,-0.2796,-0.40393
-1.2073,-0.85647,1.3877,0.53538,0.46793,-1.2336,1.1777,-0.2796,-1.561
-0.25039,0.29096,0.35645,0.34807,-0.034259,-0.69346,-0.30658,-0.2796,-0.12079
-1.1403,1.5427,1.8409,1.6125,0.63533,-1.941,-1.691,-0.2796,0.24076
-1.3891,1.4152,0.68459,0.81636,-0.034259,-1.6195,0.11749,-0.2796,-0.52964
-1.1212,1.0327,1.1534,0.7227,0.30053,-0.15329,-1.6536,-0.2796,-0.51407
-1.1403,1.6238,1.7159,0.95685,0.63533,-1.9667,-1.1672,-0.2796,-0.30935
-1.1881,1.6238,1.5284,0.86319,0.46793,-1.9796,-0.86785,-0.2796,-0.16569
-1.2647,0.91684,2.1847,0.48856,0.30053,-0.48768,-1.8781,-0.2796,-0.6727
-1.3987,0.36051,2.169,0.67587,-0.034259,-0.10185,-1.6287,-0.2796,-0.83253
-1.169,1.5659,1.669,0.91002,0.13314,-1.6066,-1.3044,-0.2796,-0.29558
-1.3125,-0.68262,2.2003,-0.26071,-0.034259,0.61837,-0.80548,-0.2796,-1.2258
-1.2168,1.1602,2.044,2.1744,0.13314,-1.6452,-2.0153,-0.2796,-0.68707
-1.0924,1.3109,2.2003,0.16075,0.13314,-0.96354,-1.716,-0.2796,-0.714
-0.92978,0.14029,2.1222,1.472,-0.034259,-0.64201,-1.8781,-0.2796,-0.77147
-1.1977,1.2066,2.0753,1.8466,0.13314,-1.5294,-1.9904,-0.2796,-0.38358
-0.42359,0.20636,0.27051,3.0595,-0.034259,-1.5436,-0.97511,-0.2796,-0.43027
0.30747,-0.85647,0.91898,-0.14364,0.30053,0.37273,-1.0587,-0.2796,0.058785
-1.2092,1.2692,-0.84673,0.54943,0.48467,0.95791,-0.9589,-0.2796,-1.0492
-1.2944,1.8151,-0.84673,0.98026,-0.46949,-1.8767,1.225,-0.2796,-0.18544
0.14193,-0.85647,0.82053,1.8653,0.71902,-1.977,0.060112,-0.2796,-0.26326
-1.4168,1.5798,-0.84673,0.66182,-0.51971,-0.30248,0.2709,-0.2796,-0.41171
0.30747,0.82412,-0.84673,-0.14364,0.30053,-1.3597,0.62886,-0.2796,0.306
-1.2398,-0.85647,0.90179,0.13265,0.28379,0.2454,0.52783,-0.2796,-1.415
-1.2255,0.82412,0.91898,-0.14364,0.30053,0.37273,-1.0587,-0.2796,-0.61404
-1.3518,0.6804,0.76741,0.87724,0.2001,-0.73204,-0.2517,-0.2796,0.037235
-1.2599,1.8788,-0.84673,-0.27008,1.0706,-1.622,1.4857,-0.2796,-0.17108
0.17829,-0.85647,1.0252,1.4017,0.61859,-1.2182,-0.57349,-0.2796,-0.717
-1.2255,0.82412,0.91898,-0.14364,0.30053,-1.3597,0.62886,-0.2796,-0.57393
-1.2733,-0.85647,1.2877,-1.099,1.6564,0.37144,0.70494,-0.2796,-1.069
0.43377,-0.85647,1.3081,0.81636,0.76924,-2.2098,0.23597,-0.2796,0.16833
-1.2293,0.82064,-0.84673,-0.16237,0.30053,0.34443,0.60641,-0.2796,-1.0061
-0.18437,0.42425,0.49864,0.64777,-0.20166,-0.99955,-0.51113,-0.2796,-0.12558
-1.1747,-0.85647,2.1987,1.7857,0.80272,-0.9674,-0.75684,-0.2796,-1.6328
-1.2484,-0.85647,2.0487,-0.69622,1.5727,1.3064,-1.1921,-0.2796,-1.3383
-0.081984,-0.85647,0.55333,0.80231,0.73576,-0.53526,-0.14194,-0.2796,-0.21358
-1.2647,0.50654,0.58615,0.06241,0.14988,-0.25103,0.08381,-0.2796,-0.73615
-1.3221,1.1069,1.3831,0.42768,0.36749,-0.070979,-1.6224,-0.2796,-0.36442
-0.20351,0.30951,0.37832,-0.51359,0.70229,-0.47868,-0.13321,-0.2796,0.83516
0.30364,1.0038,-0.84673,-0.18578,0.56837,-0.72432,-0.17562,-0.2796,0.99559
0.0271,0.53088,-0.84673,-0.6213,0.16662,-0.032396,0.25718,-0.2796,0.306
0.52946,-0.85647,-0.84673,0.015581,-0.46949,0.16566,0.53906,-0.2796,0.54185
-1.3049,-0.85647,1.2409,-0.035931,0.81946,0.08464,0.47295,-0.2796,-1.3539
-1.2551,1.8881,-0.84673,-0.36374,0.95338,1.2396,-1.232,-0.2796,0.096496
-1.3154,1.1162,1.2252,0.46982,0.38423,-2.0426,0.39562,-0.2796,-0.35604
0.47205,1.1092,-0.84673,0.62436,0.31727,-2.0825,0.35821,-0.2796,1.2452
-1.2092,-0.85647,1.3846,0.54943,0.48467,0.95791,-0.9589,-0.2796,-1.3982
-1.2092,1.2692,-0.84673,0.54943,0.48467,-1.231,1.1739,-0.2796,-0.71999
-1.4015,-0.85647,1.7425,-0.064029,0.63533,-0.15329,0.39063,-0.2796,-1.3485
-0.14322,0.44511,0.52052,-0.17174,0.70229,-0.81306,-0.36271,-0.2796,0.21562
0.31416,0.82759,0.9221,-0.12491,0.30053,-1.3352,-1.04,-0.2796,0.62326
0.30172,0.82064,-0.84673,-2.5413,0.30053,0.34443,0.60641,-0.2796,0.5209
-1.2963,1.144,-0.84673,0.015581,-0.46949,0.16566,0.53906,-0.2796,-0.72298
-1.3144,0.72328,0.81272,-0.16237,0.21684,-0.40408,0.0089742,-0.2796,-0.57872
-1.2733,-0.85647,1.9987,-0.0078337,1.4723,-1.7236,1.381,-0.2796,-1.2144
-0.039881,0.49727,0.57521,0.42299,0.13314,-0.33978,-1.3468,-0.2796,0.46463
0.16202,-0.85647,0.83303,-0.84139,1.104,-0.25361,0.12996,-0.2796,0.003115
0.30747,0.82412,-0.84673,-0.14364,0.30053,0.37273,-1.0587,-0.2796,0.31319
-1.2054,1.275,1.3909,0.57285,0.50141,-1.2002,-0.93645,-0.2796,-0.40872
0.074944,0.69315,-0.84673,0.62436,-0.11796,-0.62786,-0.16814,-0.2796,0.62446
-1.2762,1.173,-0.84673,-0.48549,-0.67037,0.34829,0.68499,-0.2796,-0.53263
-1.2991,-0.85647,1.9487,0.9428,0.26705,-1.9153,1.1864,-0.2796,-1.5131
0.30172,-0.85647,-0.84673,-0.16237,0.30053,0.34443,0.60641,-0.2796,-0.64157
-1.3853,1.0165,1.119,-0.46676,0.70229,-0.64716,-0.1145,-0.2796,-0.40393
-1.2092,-0.85647,1.3846,0.54943,0.48467,-1.231,1.1739,-0.2796,-1.561
-0.24752,0.28865,0.35645,0.32934,0.049439,-0.69346,-0.30284,-0.2796,-0.12079
-0.08007,0.36166,0.43145,1.3174,0.46793,-0.88637,-1.1709,-0.2796,0.080933
-1.1403,1.3468,1.4674,-0.12959,2.1084,-1.7339,-0.40137,-0.2796,-0.12319
-1.2207,0.81484,0.90804,1.8045,0.65207,-0.63944,-1.4428,-0.2796,-1.1564
-1.2886,0.47177,0.54865,0.95216,0.43445,-1.4523,0.69746,-0.2796,-0.94746
-1.2379,1.2078,1.3206,-0.65876,2.0247,-0.37193,-0.98509,-0.2796,0.031848
0.27493,0.79862,0.89085,-0.64471,2.6608,-0.75905,-1.5264,-0.2796,0.14379
-1.3164,-0.85647,1.8862,-1.0849,1.9578,-0.38865,0.88455,-0.2796,-1.221
0.21465,0.76501,-0.84673,1.4954,-0.0007801,-0.99569,-0.6371,-0.2796,-0.14354
0.89116,-0.85647,-0.84673,0.40426,0.082918,0.51806,-0.53857,-0.2796,0.19407
-1.1728,0.86932,0.96585,-0.30286,1.4723,-0.25232,-0.67203,-0.2796,-0.48714
-1.2302,1.9101,-0.84673,0.86319,0.01596,0.37144,-1.1185,-0.2796,-0.53622
0.27589,0.79862,-0.84673,-0.64003,0.63533,-0.7539,0.37941,-0.2796,0.56759
0.22613,-0.85647,0.70959,0.67587,0.60185,-0.17387,-0.85288,-0.2796,-0.34108
-1.2465,-0.85647,2.0268,-0.70091,0.90316,0.23511,-0.017218,-0.2796,-1.212
-1.3326,1.0745,1.1799,-0.37778,0.78598,-1.1616,0.14617,-0.2796,0.52629
0.15915,0.73371,0.82366,0.92407,-0.034259,-1.2156,-1.4753,-0.2796,1.0596
0.38402,1.0466,-0.84673,0.41831,-0.26861,-1.3236,0.0052324,-0.2796,1.2811
0.81174,1.3109,-0.84673,0.45577,0.066178,-1.9114,-0.20805,-0.2796,1.8013
-0.013089,0.63751,0.72209,-0.4293,0.55163,-1.9011,0.39063,-0.2796,1.0183
-0.27814,0.26894,0.33457,0.57285,0.35075,-1.7674,0.59643,-0.2796,-0.14474
-1.1154,-0.85647,1.5034,0.0015322,0.9199,0.64796,-0.55728,-0.2796,-1.0648
-1.2015,1.9658,-0.84673,-0.059346,0.7525,0.63124,-0.94642,-0.2796,0.092306
-1.1575,1.3225,1.4409,1.013,0.85294,-1.8548,-0.79675,-0.2796,-0.030406
0.16202,-0.85647,0.82522,0.22631,-0.01752,-1.2079,0.5191,-0.2796,0.40836
0.35148,-0.85647,1.1299,1.3174,-0.084478,-1.4458,-0.46124,-0.2796,0.25393
0.058677,0.54015,0.62052,0.28251,0.50141,-0.88123,-0.96887,-0.2796,0.4778
0.42516,1.0721,-0.84673,-0.35437,0.45119,-1.1745,0.20479,-0.2796,1.5218
0.7151,-0.85647,1.3659,0.54943,0.80272,-2.2059,0.060112,-0.2796,0.30241
-1.4274,1.5369,1.6674,-0.12491,-0.11796,-1.3635,-0.47371,-0.2796,-0.15013
0.3955,0.86584,-0.84673,0.19821,0.38423,-0.2819,-0.79925,-0.2796,0.99439
-1.1192,-0.85647,2.28,-0.017199,1.0706,-1.5899,0.90326,-0.2796,-1.2408
0.31225,-0.85647,0.91272,-0.54637,0.65207,-0.61243,0.11624,-0.2796,0.15815
0.38497,-0.85647,1.1518,0.043678,0.88642,-1.3224,0.076326,-0.2796,0.086919
-1.3537,1.0432,1.1487,2.5818,-0.067739,-1.3417,-1.4715,-0.2796,-0.035195
0.069203,0.54595,-0.84673,-0.19515,0.13314,-0.83621,0.69746,-0.2796,0.37844
0.16298,-0.85647,0.82522,1.3174,0.81946,-1.2002,-0.36645,-0.2796,-0.23573
-0.15949,0.43005,0.50489,0.65246,-0.050999,-1.8047,0.20978,-0.2796,0.34252
-1.1613,2.0411,-0.84673,-0.61661,1.0036,0.98234,-1.0649,-0.2796,0.21801
-1.102,2.1535,-0.84673,0.076459,1.0873,-1.4677,0.66378,-0.2796,0.12583
-0.045623,0.488,0.56427,-0.092126,0.45119,-1.3224,-0.065861,-0.2796,0.50653
0.39263,-0.85647,0.9596,0.67587,0.70229,-1.9937,0.49665,-0.2796,-0.27763
-1.2695,0.75921,0.85022,0.52134,-0.01752,-1.0356,0.080068,-0.2796,-0.72538
-1.168,1.3074,-0.84673,-0.27944,0.85294,0.21454,0.19107,-0.2796,-0.18245
-0.19394,0.30835,0.37676,0.89129,0.40097,-1.3944,-0.15067,-0.2796,-0.2046
