0.59719,-0.38637,-0.98172,0.3877,1.4029,-0.13493,0.89817
0.90769,-1.6394,-0.60248,0.46193,0.33928,-0.13493,1.0353
0.98633,-2.2275,0.55522,1.0335,-0.95798,-0.13493,0.44804
0.60804,-0.7931,1.1921,0.60473,-1.8829,0.047855,-0.61637
-0.51622,0.18975,1.6329,0.32049,-1.5277,0.832,-1.2868
-1.1839,0.034848,1.1289,-0.70742,0.058855,1.2624,-1.2644
-1.3623,0.5981,-0.38696,-0.98211,0.38825,1.4015,0.18884
0.038171,0.90837,-1.6396,-0.60272,0.46243,0.33698,0.89631
0.87723,0.98695,-2.2276,0.55544,1.0336,-0.96144,1.0765
1.0596,0.60894,-0.79358,1.1926,0.60514,-1.8872,1.2849
1.3749,-0.5145,0.189,1.6335,0.32109,-1.5317,0.079453
0.22386,-1.1817,0.034146,1.1294,-0.70617,0.056304,-0.94804
-0.87159,-1.36,0.59724,-0.38711,-0.98068,0.386,-1.8094
-1.7873,0.039483,0.90743,-1.6403,-0.60154,0.46024,-1.1003
-1.3214,0.87793,0.98599,-2.2285,0.55588,1.0319,0.34072
0.2132,1.0601,0.60808,-0.7939,1.1926,0.60308,0.5917
0.56417,1.3752,-0.51506,0.18907,1.6332,0.31877,0.83598
0.70082,0.22503,-1.1821,0.034155,1.1294,-0.70941,0.98106
1.0515,-0.86961,-1.3603,0.59747,-0.38607,-0.98416,0.18124
0.30368,-1.7847,0.03878,0.90779,-1.6384,-0.60468,-0.44377
-0.22541,-1.3191,0.877,0.98637,-2.2263,0.55377,-1.2869
-1.1566,0.21438,1.0592,0.60832,-0.79259,1.191,-0.71743
-0.85463,0.5651,1.3741,-0.51527,0.18975,1.6321,0.45241
0.21323,0.70165,0.22428,-1.1825,0.034931,1.1279,1.0419
1.003,1.0521,-0.87007,-1.3608,0.59789,-0.38902,1.432
1.3871,0.3048,-1.7849,0.038791,0.908,-1.6425,1.1724
1.428,-0.2239,-1.3195,0.87734,0.98654,-2.2309,-0.24039
0.041574,-1.1544,0.21363,1.0596,0.60873,-0.7959,-1.4028
-1.2212,-0.85267,0.56426,1.3747,-0.51414,0.18732,-2.0897
-2.0988,0.21442,0.70077,0.22436,-1.181,0.032359,-0.83844
-1.2783,1.0036,1.0511,-0.87042,-1.3592,0.59582,0.31625
0.16359,1.3874,0.30403,-1.7856,0.039564,0.90621,0.26252
0.23837,1.4283,-0.22454,-1.32,0.87758,0.98482,0.728
0.45522,0.042883,-1.1548,0.21371,1.0597,0.60667,0.8604
0.9451,-1.2189,-0.85313,0.56448,1.3746,-0.5172,0.59957
0.71598,-2.096,0.21367,0.70104,0.22502,-1.1846,0.1158
0.52303,-1.276,1.0026,1.0515,-0.86906,-1.363,-0.81774
-0.5561,0.16481,1.3864,0.30414,-1.7837,0.036996,-0.90322
-0.95317,0.23954,1.4272,-0.22463,-1.3184,0.87576,-0.41886
-0.96066,0.45623,0.042179,-1.1552,0.21437,1.058,0.74014
0.27736,0.94575,-1.2193,-0.85347,0.56491,1.3732,1.3309
1.0893,0.7168,-2.0961,0.21375,0.70139,0.22262,1.7074
1.4657,0.52398,-1.2764,1.003,1.0516,-0.87244,0.8264
1.421,-0.55435,0.16407,1.3869,0.30475,-1.7879,-0.71168
-0.041943,-0.95113,0.23878,1.4277,-0.22369,-1.3221,-1.8754
-1.3553,-0.95862,0.45542,0.042191,-1.1537,0.21196,-2.1448
-2.1867,0.27849,0.9448,-1.2198,-0.85213,0.56282,-0.45077
-1.2395,1.0899,0.71592,-2.0969,0.21441,0.69941,0.17295
0.12682,1.466,0.52315,-1.2769,1.0032,1.05,-0.010697
0.12551,1.4213,-0.5549,0.16413,1.3868,0.30241,0.75481
0.3895,-0.040572,-0.95157,0.23887,1.4276,-0.22649,0.91221
0.93403,-1.3529,-0.95906,0.45559,0.042962,-1.1573,1.0905
0.87835,-2.1838,0.27773,0.94517,-1.2182,-0.85549,0.43342
0.76013,-1.2373,1.0889,0.71619,-2.0948,0.212,-0.63409
-0.38071,0.12807,1.4649,0.52335,-1.2753,1.0015,-1.3547
-1.0227,0.12676,1.4202,-0.55512,0.16483,1.3854,-1.3046
-1.3498,0.39056,-0.041254,-0.95195,0.23952,1.4263,0.17342
-0.13164,0.93468,-1.3533,-0.95944,0.4561,0.040397,0.84945
0.85933,0.87904,-2.1839,0.27783,0.94536,-1.2219,1.0046
1.1263,0.76091,-1.2376,1.0893,0.71653,-2.0993,1.2569
1.4782,-0.3791,0.12734,1.4655,0.52382,-1.279,0.11557
0.39397,-1.0207,0.12603,1.4207,-0.55397,0.16237,-0.84207
-0.84861,-1.3475,0.38976,-0.041275,-0.95054,0.23713,-1.7148
-1.8171,-0.1302,0.93374,-1.3538,-0.95803,0.4539,-1.0747
-1.5999,0.86004,0.87812,-2.1847,0.27845,0.9436,0.36655
0.025746,1.1268,0.76002,-1.2381,1.0894,0.71457,0.69094
0.45158,1.4784,-0.37969,0.12739,1.4653,0.52168,0.93337
0.4677,0.39503,-1.0211,0.12608,1.4206,-0.55707,1.0128
1.0492,-0.84665,-1.3478,0.38991,-0.04045,-0.954,0.061707
0.53148,-1.8145,-0.13086,0.9341,-1.3521,-0.96149,-0.67221
0.22555,-1.5974,0.85912,0.87846,-2.1825,0.2761,-1.4695
-0.76164,0.027067,1.1258,0.76031,-1.2365,1.0878,-0.69734
-0.94457,0.45259,1.4773,-0.37984,0.12811,1.4641,0.56794
-0.40124,0.4687,0.39423,-1.0215,0.1268,1.4193,0.96477
0.69287,1.0497,-0.84712,-1.3483,0.39046,-0.04309,1.344
1.2679,0.53243,-1.8147,-0.13091,0.9343,-1.356,0.95284
1.6892,0.22673,-1.5977,0.85946,0.87869,-2.1871,-0.33562
0.91027,-0.75975,0.026367,1.1263,0.76062,-1.2402,-1.3641
-0.60518,-0.94254,0.45178,1.4779,-0.3788,0.12562,-1.9105
-1.8035,-0.3996,0.46788,0.39438,-1.02,0.12431,-0.53365
-2.1736,0.69371,1.0488,-0.84746,-1.3467,0.3882,0.49883
-0.53725,1.2683,0.5316,-1.8154,-0.13003,0.93254,0.47083
0.19432,1.6893,0.22598,-1.5983,0.8597,0.87688,1.0187
0.011696,0.91094,-0.76024,0.026373,1.1263,0.7587,0.70711
0.72714,-0.6034,-0.94298,0.45195,1.4778,-0.38174,0.17363
0.89846,-1.8008,-0.40019,0.46806,0.39492,-1.0235,-0.59212
1.0358,-2.1707,0.69283,1.0492,-0.84612,-1.3505,-1.1473
0.44791,-0.53552,1.2673,0.5318,-1.8134,-0.13275,-0.46468
-0.61752,0.19552,1.6882,0.22606,-1.5965,0.85787,0.61131
-1.2886,0.013027,0.91,-0.76054,0.027155,1.1248,1.1532
-1.2662,0.72794,-0.60393,-0.94336,0.45246,1.4765,1.5968
0.18847,0.89915,-1.8011,-0.40035,0.46856,0.39267,1.0086
0.89663,1.0364,-2.1708,0.6931,1.0493,-0.84948,-0.45758
1.077,0.44892,-0.53607,1.2678,0.53226,-1.8177,-1.6513
1.2855,-0.61573,0.19477,1.6888,0.22671,-1.6005,-2.1486
0.078974,-1.2863,0.012331,0.91036,-0.75926,0.024575,-0.63308
-0.9495,-1.2639,0.72706,-0.60417,-0.94196,0.45026,0.26203
-1.8117,0.18967,0.89821,-1.8018,-0.3993,0.46638,0.11364
-1.1019,0.89732,1.0354,-2.1717,0.69345,1.0476,0.73988
0.3405,1.0776,0.44811,-0.53628,1.2678,0.53013,0.85943
0.59172,1.2859,-0.61625,0.19485,1.6885,0.22431,0.84755
0.83623,0.080256,-1.2866,0.012331,0.91057,-0.76254,0.29769
0.98145,-0.94747,-1.2643,0.72734,-0.60299,-0.9454,-0.68931
0.18085,-1.809,0.18893,0.89856,-1.7998,-0.40226,-1.1211
-0.44475,-1.0998,0.89638,1.0358,-2.1695,0.69147,-0.90843
-1.2887,0.3416,1.0766,0.44828,-0.53514,1.2663,0.4426
-0.71867,0.59262,1.2849,-0.6165,0.19552,1.6874,1.1041
0.45227,0.83696,0.079541,-1.2871,0.013121,0.90878,1.4156
1.0424,0.98208,-0.94791,-1.2648,0.72767,-0.60613,1.1874
1.4328,0.18206,-1.8092,0.189,0.89879,-1.804,-0.26056
1.173,-0.44308,-1.1002,0.89673,1.0359,-2.174,-1.4315
-0.24117,-1.2864,0.34081,1.077,0.44879,-0.53822,-2.1133
-1.4047,-0.7168,0.59177,1.2854,-0.61531,0.19309,-0.85949
-2.0922,0.45327,0.83604,0.079568,-1.2855,0.01053,0.28451
-0.8398,1.043,0.98112,-0.94828,-1.2631,0.72572,0.22454
0.31599,1.4331,0.18132,-1.8099,0.18967,0.89699,0.68701
0.26221,1.1734,-0.44366,-1.1006,0.89696,1.0343,0.87807
0.72815,-0.23965,-1.2868,0.34094,1.0771,0.44659,0.67425
0.86068,-1.4023,-0.71731,0.592,1.2854,-0.61846,0.23013
0.59957,-2.0893,0.45246,0.83637,0.080316,-1.2893,-0.75293
0.11535,-0.83784,1.042,0.9815,-0.94688,-1.2669,-0.96734
-0.81908,0.3171,1.4321,0.18139,-1.808,0.18724,-0.63459
-0.90464,0.26336,1.1724,-0.44384,-1.0991,0.89515,0.60597
-0.41981,0.72896,-0.24028,-1.2873,0.34152,1.0755,1.2434
0.7403,0.86139,-1.4026,-0.71759,0.59242,1.2839,1.6294
1.3316,0.60047,-2.0895,0.45263,0.83663,0.077784,1.0406
1.7085,0.11661,-0.83831,1.0424,0.98167,-0.95033,-0.49619
0.82663,-0.81714,0.31632,1.4326,0.18207,-1.8122,-1.7042
-0.71291,-0.90264,0.2626,1.1729,-0.44275,-1.1027,-2.2068
-1.8778,-0.41817,0.72807,-0.24038,-1.2856,0.33922,-0.6705
-2.1474,0.7411,0.86047,-1.4032,-0.71633,0.59035,0.20038
-0.45175,1.332,0.59962,-2.0903,0.45314,0.83478,0.030527
0.17256,1.7086,0.11589,-0.83865,1.0425,0.97995,0.66502
-0.011262,0.82737,-0.81761,0.31644,1.4325,0.17963,0.89998
0.75495,-0.71105,-0.90309,0.2627,1.1729,-0.44575,0.99365
0.91255,-1.8751,-0.41875,0.72836,-0.23943,-1.2894,0.51768
1.0909,-2.1445,0.74021,0.8608,-1.4015,-0.71958,-0.57383
0.43329,-0.45008,1.3309,0.59985,-2.0882,0.45094,-1.2206
-0.63525,0.17377,1.7074,0.11593,-0.83731,1.0409,-1.2898
-1.3566,-0.0099141,0.82646,-0.81794,0.31704,1.4312,0.13808
-1.3064,0.75574,-0.71156,-0.90345,0.26333,1.1714,0.90669
0.17303,0.91322,-1.8753,-0.41892,0.72869,-0.24225,1.0957
0.84972,1.0915,-2.1446,0.74049,0.86105,-1.4053,1.3346
1.0051,0.43432,-0.45065,1.3315,0.60026,-2.0926,0.12353
1.2576,-0.63345,0.17303,1.7081,0.11665,-0.84066,-0.95456
0.11513,-1.3542,-0.010604,0.82678,-0.81662,0.31472,-1.8364
-0.84343,-1.3041,0.75485,-0.71184,-0.90207,0.26096,-1.1985
-1.717,0.17424,0.91228,-1.876,-0.41785,0.72674,0.28091
-1.0762,0.85044,1.0905,-2.1455,0.74082,0.85921,0.54352
0.36637,1.0057,0.43351,-0.45083,1.3314,0.5982,0.74456
0.69103,1.258,-0.63397,0.1731,1.7078,0.11415,1.0019
0.93372,0.11638,-1.3546,-0.010613,0.82705,-0.81995,0.27882
1.0132,-0.84148,-1.3044,0.75514,-0.71059,-0.90548,-0.26316
0.061211,-1.7144,0.1735,0.91264,-1.874,-0.42083,-1.1663
-0.6734,-1.0741,0.84952,1.0909,-2.1433,0.73888,-0.7888
-1.4715,0.36744,1.0047,0.43367,-0.44975,1.33,0.27089
-0.69856,0.69186,1.257,-0.63423,0.17379,1.7067,1.0234
0.56791,0.93438,0.11566,-1.3551,-0.0098078,0.82518,1.4263
0.96515,1.0138,-0.84195,-1.3049,0.75546,-0.71383,1.3884
1.3447,0.062506,-1.7146,0.17357,0.91285,-1.8783,-0.024511
0.95318,-0.67157,-1.0745,0.84985,1.091,-2.1478,-1.2847
-0.3365,-1.469,0.36665,1.0051,0.4342,-0.45275,-2.125
-1.366,-0.69671,0.69099,1.2575,-0.63302,0.17134,-1.1954
-1.9129,0.56884,0.93344,0.1157,-1.3534,-0.01242,0.18332
-0.53471,0.96578,1.0128,-0.84228,-1.3033,0.75353,0.21099
0.49874,1.3451,0.061796,-1.7153,0.17426,0.91106,0.4816
0.47072,0.95382,-0.67209,-1.0749,0.8501,1.0894,0.93239
1.0191,-0.33491,-1.4693,0.36679,1.0053,0.43198,0.74284
0.70724,-1.3636,-0.69722,0.69125,1.2575,-0.63619,0.52643
0.17324,-1.9101,0.568,0.9338,0.11642,-1.3573,-0.55714
-0.59324,-0.53298,0.96483,1.0132,-0.84094,-1.3071,-0.9726
-1.149,0.49972,1.344,0.061816,-1.7134,0.17181,-1.001
-0.46568,0.47172,0.95287,-0.67236,-1.0735,0.84826,0.26224
0.61133,1.0197,-0.33552,-1.4699,0.36735,1.0035,1.0746
1.1537,0.70806,-1.364,-0.69749,0.69161,1.256,1.4298
1.5978,0.17445,-1.9103,0.56821,0.934,0.11393,1.4164
1.009,-0.59147,-0.53353,0.96521,1.0134,-0.8443,-0.026093
-0.45857,-1.1468,0.49889,1.3446,0.062575,-1.7175,-1.3225
-1.6535,-0.464,0.4709,0.95324,-0.67113,-1.077,-2.1587
-2.1512,0.61222,1.0188,-0.33565,-1.4682,0.36508,-1.2396
-0.63424,1.1542,0.70718,-1.3645,-0.69625,0.68963,0.1406
0.26173,1.5979,0.17372,-1.9111,0.56865,0.93224,0.15864
0.11319,1.0097,-0.59201,-0.53374,0.96539,1.0117,0.41363
0.74005,-0.45689,-1.1472,0.49908,1.3445,0.060027,0.93632
0.85971,-1.6509,-0.46457,0.47108,0.95343,-0.67433,0.83134
0.8478,-2.1483,0.61137,1.0192,-0.33464,-1.4721,0.6871
0.29741,-0.63244,1.1532,0.70745,-1.3628,-0.69948,-0.43532
-0.69053,0.26288,1.5968,0.17378,-1.9091,0.56655,-1.0054
-1.1227,0.11445,1.0087,-0.59224,-0.5326,0.96365,-1.2409
-0.90986,0.74085,-0.45746,-1.1477,0.49956,1.3431,-0.0024334
0.44247,0.86042,-1.6512,-0.46475,0.47158,0.95168,0.93036
1.1046,0.84852,-2.1484,0.6116,1.0193,-0.33754,1.2273
1.4164,0.29854,-0.63297,1.1536,0.7078,-1.3667,1.4943
1.188,-0.68869,0.26211,1.5974,0.17447,-1.9134,0.26978
-0.26137,-1.1205,0.11373,1.0091,-0.59107,-0.53568,-1.0067
-1.4334,-0.90786,0.73996,-0.45765,-1.1461,0.49741,-1.952
-2.1159,0.44348,0.8595,-1.6518,-0.46366,0.4694,-1.5205
-0.86086,1.1052,0.8476,-2.1493,0.61201,1.0176,0.073045
0.28422,1.4167,0.29776,-0.63322,1.1537,0.70583,0.34721
0.22421,1.1884,-0.68919,0.26221,1.5972,0.17202,0.41138
0.68713,-0.25984,-1.1209,0.11377,1.0092,-0.5942,0.99723
0.87837,-1.431,-0.90831,0.74024,-0.45656,-1.1498,0.6269
0.67433,-2.113,0.44267,0.85983,-1.65,-0.46668,0.43496
0.22979,-0.8589,1.1042,0.84793,-2.1471,0.60995,-0.59862
-0.7542,0.28536,1.4156,0.29788,-0.63202,1.1521,-0.92396
-0.96882,0.22538,1.1874,-0.68947,0.26284,1.596,-0.73854
-0.63575,0.68797,-0.26046,-1.1214,0.11449,1.0075,0.41849
0.60601,0.87907,-1.4313,-0.90867,0.74057,-0.45957,1.1609
1.244,0.67517,-2.1131,0.44284,0.86008,-1.654,1.5982
1.6304,0.23096,-0.85936,1.1046,0.84818,-2.1516,1.3213
1.0411,-0.75231,0.28459,1.4162,0.29848,-0.63518,-0.20864
-0.49722,-0.96677,0.22463,1.1879,-0.68823,0.26047,-1.5231
-1.7063,-0.63395,0.68709,-0.26057,-1.1199,0.11199,-2.2594
-2.2095,0.60691,0.87814,-1.4319,-0.90729,0.73863,-1.0573
-0.6717,1.2445,0.6743,-2.114,0.44336,0.85824,0.13087
0.20002,1.6305,0.23021,-0.8597,1.1047,0.84634,0.025907
0.030001,1.0417,-0.75281,0.28469,1.4161,0.29615,0.4271
0.6651,-0.49552,-0.96721,0.22471,1.1879,-0.69145,0.9259
0.90028,-1.7038,-0.63447,0.68736,-0.2596,-1.1235,1.0069
0.99405,-2.2065,0.60605,0.87848,-1.4302,-0.9107,0.84115
0.51763,-0.66987,1.2435,0.67456,-2.1118,0.44115,-0.34156
-0.57494,0.20121,1.6294,0.23029,-0.85835,1.1031,-1.1152
-1.2223,0.031319,1.0407,-0.75311,0.28531,1.4147,-1.5471
-1.2916,0.66596,-0.49608,-0.96759,0.22537,1.1864,-0.2908
0.13765,0.90096,-1.704,-0.63473,0.68771,-0.26244,0.73997
0.907,0.99467,-2.2066,0.60629,0.87872,-1.434,0.91243
1.0962,0.51859,-0.67038,1.2439,0.67493,-2.1163,1.3574
1.3353,-0.57318,0.20046,1.63,0.23094,-0.86172,0.52643
0.12309,-1.2201,0.030618,1.0411,-0.75183,0.28296,-0.54881
-0.95602,-1.2893,0.66509,-0.49628,-0.96618,0.22296,-1.4966
-1.8387,0.13889,0.90003,-1.7047,-0.63352,0.68573,-1.5495
-1.2002,0.90768,0.99371,-2.2075,0.6067,0.8769,-0.023915
0.28062,1.0967,0.51776,-0.67065,1.2439,0.67293,0.68383
0.54347,1.3357,-0.57372,0.20054,1.6298,0.22855,0.72508
0.74471,0.12434,-1.2204,0.030625,1.0412,-0.7551,1.21
1.0023,-0.95399,-1.2897,0.66534,-0.49516,-0.96964,0.34911
0.27853,-1.836,0.13816,0.90038,-1.7028,-0.63669,-0.35452
-0.26397,-1.198,0.90674,0.9941,-2.2053,0.60464,-1.2869
-1.1679,0.28176,1.0957,0.51796,-0.66942,1.2424,-1.1159
-0.7901,0.54441,1.3346,-0.57395,0.20121,1.6286,0.18496
0.27059,0.74551,0.12362,-1.2209,0.031404,1.0396,0.92926
1.0238,1.0029,-0.95442,-1.2902,0.66572,-0.49821,1.1668
1.4271,0.27967,-1.8362,0.13821,0.9006,-1.7069,1.3413
1.3892,-0.26244,-1.1984,0.9071,0.99426,-2.2098,0.06396
-0.02509,-1.1658,0.28099,1.0962,0.51843,-0.67263,-1.028
-1.2865,-0.78819,0.54357,1.3351,-0.57278,0.19878,-1.9061
-2.1276,0.27173,0.74462,0.12366,-1.2193,0.028829,-1.1567
-1.1971,1.0244,1.0019,-0.9548,-1.2885,0.66371,0.29136
0.18294,1.4274,0.2789,-1.8369,0.13892,0.8988,0.4824
0.21064,1.3896,-0.26306,-1.1989,0.90731,0.99254,0.71488
0.48151,-0.023732,-1.1661,0.2811,1.0962,0.51629,0.96636
0.93274,-1.2843,-0.78867,0.54378,1.3351,-0.5759,0.33793
0.74299,-2.1247,0.27097,0.74491,0.12438,-1.223,-0.15128
0.52639,-1.1949,1.0234,1.0023,-0.95339,-1.2923,-1.0674
-0.55823,0.18415,1.4264,0.27901,-1.8349,0.13644,-0.78262
-0.97408,0.21183,1.3885,-0.26317,-1.1973,0.90552,0.14001
-1.0025,0.4825,-0.024418,-1.1666,0.28172,1.0946,0.99533
0.26194,0.9334,-1.2846,-0.78898,0.54423,1.3337,1.4424
1.075,0.74379,-2.1248,0.27107,0.74523,0.12189,1.5239
1.4306,0.52734,-1.1953,1.0238,1.0025,-0.95685,0.14666
1.4172,-0.55648,0.18341,1.4269,0.27963,-1.8392,-1.2006
-0.02667,-0.97203,0.21108,1.389,-0.2622,-1.201,-2.1294
-1.3243,-1.0004,0.48167,-0.024433,-1.165,0.27936,-1.463
-2.1613,0.26309,0.93246,-1.2851,-0.78768,0.54211,0.062564
-1.2413,1.0756,0.7429,-2.1257,0.27169,0.74329,0.16887
0.14018,1.4309,0.52651,-1.1958,1.024,1.0008,0.29428
0.15823,1.4175,-0.55703,0.18348,1.4268,0.27727,0.94211
0.41345,-0.025311,-0.97247,0.21116,1.3889,-0.26504,0.84322
0.93667,-1.322,-1.0008,0.48186,-0.023619,-1.1687,0.81571
0.83157,-2.1584,0.26233,0.93282,-1.2835,-0.79099,-0.29205
0.68719,-1.2391,1.0746,0.74318,-2.1235,0.26933,-0.95371
-0.43629,0.14142,1.4298,0.52671,-1.1942,1.0223,-1.3256
-1.0069,0.15946,1.4164,-0.55725,0.18416,1.4255,-0.24187
-1.2426,0.41449,-0.025997,-0.97285,0.21182,1.3876,0.82432
-0.0029887,0.93733,-1.3223,-1.0012,0.48235,-0.026243,1.1462
0.93069,0.8323,-2.1585,0.26242,0.93302,-1.2872,1.5107
1.2279,0.68803,-1.2395,1.075,0.74351,-2.128,0.50934
1.4952,-0.43463,0.14069,1.4304,0.52717,-1.1979,-0.79571
0.26949,-1.0048,0.15872,1.417,-0.55609,0.18172,-1.7945
-1.0082,-1.2404,0.41369,-0.026012,-0.97143,0.20941,-1.7379
-1.9544,-0.0016469,0.93639,-1.3229,-0.99978,0.48018,-0.083799
-1.5225,0.93135,0.83139,-2.1593,0.26306,0.93126,0.41628
0.07256,1.2283,0.68716,-1.2399,1.0751,0.74157,0.37534
0.34698,1.4955,-0.43521,0.14074,1.4303,0.52504,1.03
0.41123,0.27063,-1.0052,0.15878,1.4169,-0.55919,0.61591
0.99765,-1.0062,-1.2408,0.41384,-0.025197,-0.97491,0.38961
0.62696,-1.9517,-0.0023392,0.93675,-1.3212,-1.0033,-0.5709
0.43484,-1.5201,0.9304,0.83171,-2.1572,0.26069,-0.94862
-0.59975,0.073847,1.2273,0.68742,-1.2384,1.0735,-0.63868
-0.9254,0.34807,1.4944,-0.43539,0.14145,1.429,0.44976
-0.7398,0.41227,0.26986,-1.0056,0.15948,1.4155,1.1641
0.41833,0.99826,-1.0066,-1.2413,0.41438,-0.027823,1.6237
1.1614,0.62784,-1.9518,-0.0023446,0.93695,-1.325,1.288
1.5992,0.43586,-1.5204,0.93077,0.83198,-2.1617,-0.24246
1.322,-0.59797,0.073135,1.2278,0.68778,-1.2421,-1.553
-0.2094,-0.92339,0.34728,1.4949,-0.43431,0.13897,-2.2635
-1.5251,-0.73792,0.41147,0.26997,-1.0042,0.15702,-1.0096
-2.2622,0.41936,0.9973,-1.007,-1.2397,0.41215,0.13783
-1.0589,1.1619,0.62698,-1.9526,-0.0015448,0.93518,0.016747
0.13044,1.5994,0.43505,-1.521,0.93097,0.83012,0.45135
0.025379,1.3224,-0.5985,0.073159,1.2278,0.68579,0.92444
0.42694,-0.2079,-0.92383,0.34741,1.4948,-0.4373,1.0176
0.92624,-1.5227,-0.73841,0.41162,0.27059,-1.0077,0.82172
1.0073,-2.2592,0.41856,0.99769,-1.0055,-1.2434,-0.36039
0.84138,-1.0567,1.1609,0.62722,-1.9506,-0.0041497,-1.134
-0.34244,0.13169,1.5983,0.43522,-1.5192,0.9292,-1.5472
-1.1168,0.0267,1.3213,-0.59874,0.07391,1.2263,-0.26372
-1.5492,0.42797,-0.20854,-0.9242,0.34799,1.4935,0.74611
-0.29164,0.9269,-1.523,-0.73871,0.41216,0.26823,0.90801
0.74014,1.0079,-2.2593,0.41872,0.99784,-1.009,1.355
0.91275,0.8421,-1.0572,1.1614,0.62762,-1.9549,0.50364
1.3582,-0.34085,0.13096,1.5989,0.43574,-1.5232,-0.55632
0.52637,-1.1147,0.026,1.3219,-0.59756,0.071373,-1.5021
-0.54989,-1.5467,0.42716,-0.20863,-0.92281,0.3457,-1.5228
-1.4986,-0.29008,0.92596,-1.5236,-0.73744,0.40992,0.001643
-1.5516,0.74094,1.007,-2.2601,0.41925,0.99613,0.69333
-0.024492,0.91342,0.84119,-1.0576,1.1614,0.62558,0.74354
0.68395,1.3585,-0.34145,0.13101,1.5987,0.43353,1.2113
0.72524,0.52732,-1.1151,0.026006,1.3218,-0.6007,0.32614
1.2106,-0.54814,-1.547,0.42732,-0.2077,-0.92624,-0.38882
0.34889,-1.4962,-0.2907,0.92632,-1.5218,-0.7407,-1.3201
-0.35542,-1.5491,0.74005,1.0074,-2.2579,0.41702,-1.1023
-1.2887,-0.023134,0.91249,0.84151,-1.0561,1.1599,0.21733
-1.1175,0.68479,1.3574,-0.34159,0.13172,1.5975,0.92648
0.18458,0.72605,0.52649,-1.1155,0.026787,1.3204,1.1632
0.92958,1.2111,-0.54869,-1.5476,0.42785,-0.21049,1.3106
1.1674,0.34998,-1.4965,-0.29082,0.92652,-1.5257,0.032841
1.342,-0.35382,-1.5494,0.74033,1.0075,-2.2625,-1.0373
0.063464,-1.2864,-0.023821,0.91284,0.84177,-1.0597,-1.8983
-1.0295,-1.1154,0.68391,1.358,-0.34058,0.12924,-1.0972
-1.9085,0.18578,0.72516,0.52669,-1.114,0.024208,0.32389
-1.1584,0.93024,1.2101,-0.54891,-1.5458,0.42563,0.50103
0.29108,1.1679,0.34919,-1.4971,-0.28983,0.92475,0.76227
0.48232,1.3424,-0.35441,-1.55,0.74066,1.0058,0.95077
0.715,0.064758,-1.2867,-0.023835,0.91306,0.83992,0.29246
0.96672,-1.0274,-1.1158,0.68418,1.3579,-0.34348,-0.2402
0.33769,-1.9057,0.18504,0.72545,0.52715,-1.1176,-1.1236
-0.15198,-1.1562,0.9293,1.2105,-0.54776,-1.5498,-0.74431
-1.069,0.29221,1.1669,0.34932,-1.4953,-0.2927,0.2534
-0.78392,0.48331,1.3413,-0.35456,-1.5482,0.73872,1.0306
0.13959,0.71582,0.064047,-1.2873,-0.023021,0.91127,1.4627
0.99571,0.96736,-1.0278,-1.1162,0.68454,1.3565,1.4247
1.4432,0.33878,-1.9059,0.18511,0.72578,0.52502,0.0011793
1.5247,-0.15053,-1.1566,0.92966,1.2106,-0.55085,-1.2969
0.14625,-1.0669,0.29144,1.1673,0.3499,-1.4992,-2.1519
-1.2023,-0.78201,0.48249,1.3418,-0.35353,-1.5522,-1.2574
-2.132,0.14083,0.71494,0.064068,-1.2856,-0.025645,0.14384
-1.4649,0.99633,0.9664,-1.0283,-1.1147,0.68254,0.16966
0.062069,1.4435,0.338,-1.9067,0.18579,0.72383,0.41354
0.16847,1.525,-0.15118,-1.157,0.92986,1.209,0.9354
0.294,0.14748,-1.0673,0.29155,1.1674,0.34761,0.81368
0.94247,-1.2,-0.78249,0.48267,1.3418,-0.35645,0.66979
0.84347,-2.1291,0.1401,0.71522,0.064826,-1.2894,-0.4444
0.81592,-1.4625,0.99537,0.96678,-1.0268,-1.1183,-0.99147
-0.29289,0.063363,1.4424,0.33813,-1.9047,0.18335,-1.2043
-0.95518,0.16969,1.5239,-0.15125,-1.1555,0.92809,0.029772
-1.3274,0.29513,0.14675,-1.0677,0.29216,1.1658,0.95209
-0.24266,0.94312,-1.2004,-0.7828,0.48316,1.3404,1.2626
0.82457,0.84419,-2.1292,0.14015,0.71556,0.06228,1.4994
1.1467,0.81666,-1.4628,0.99575,0.96696,-1.0303,0.23668
1.5116,-0.29134,0.062654,1.443,0.33871,-1.909,-1.0543
0.50928,-0.95314,0.16895,1.5245,-0.15035,-1.1591,-1.992
-0.79703,-1.3251,0.29436,0.14681,-1.0662,0.28982,-1.5025
-1.7967,-0.24114,0.94218,-1.2009,-0.7815,0.48099,0.076869
-1.7401,0.82531,0.84327,-2.1301,0.14086,0.71359,0.31037
-0.084432,1.1472,0.81575,-1.4634,0.99592,0.96522,0.38903
0.41614,1.5118,-0.29195,0.062674,1.4428,0.33641,0.98336
0.37514,0.51024,-0.95358,0.16901,1.5243,-0.15309,0.66873
1.0305,-0.79511,-1.3254,0.29447,0.14751,-1.0698,0.51291
0.61593,-1.7941,-0.24177,0.94254,-1.1993,-0.7848,-0.53698
0.38941,-1.7375,0.8244,0.8436,-2.1279,0.13838,-0.9277
-0.572,-0.083031,1.1462,0.81607,-1.4617,0.9942,-0.86801
-0.95009,0.41718,1.5107,-0.29207,0.063432,1.4415,0.29645
-0.63985,0.3762,0.50942,-0.95396,0.1697,1.523,1.1031
0.44964,1.031,-0.79559,-1.326,0.29508,0.14504,1.5242
1.1646,0.61682,-1.7943,-0.24187,0.94274,-1.203,1.433
1.6247,0.39047,-1.7377,0.82472,0.84386,-2.1324,-0.052123
1.2887,-0.57024,-0.083701,1.1467,0.81634,-1.4656,-1.3928
-0.24325,-0.94805,0.41637,1.5113,-0.29109,0.060885,-2.2213
-1.555,-0.63804,0.37541,0.50961,-0.95255,0.16725,-1.2501
-2.2662,0.45066,1.0301,-0.79591,-1.3243,0.29274,0.1019
-1.0111,1.1651,0.61596,-1.795,-0.24092,0.94098,0.076436
0.13741,1.6249,0.38967,-1.7384,0.82499,0.84201,0.345
0.016209,1.2891,-0.57078,-0.083739,1.1467,0.81447,0.93049
0.45124,-0.24173,-0.94849,0.41653,1.5112,-0.29395,0.94851
0.92478,-1.5525,-0.63856,0.37555,0.51008,-0.956,0.87723
1.018,-2.2632,0.44984,1.0305,-0.7946,-1.3281,-0.2874
0.82193,-1.009,1.1641,0.6162,-1.7931,-0.24373,-1.0382
-0.36129,0.13865,1.6238,0.38982,-1.7365,0.82312,-1.4988
-1.1356,0.017537,1.2881,-0.57101,-0.082887,1.1452,-0.34356
-1.5492,0.45225,-0.24236,-0.94887,0.41707,1.5099,0.74213
-0.26453,0.92544,-1.5528,-0.63882,0.37611,0.50794,0.97192
0.74628,1.0186,-2.2633,0.45001,1.0306,-0.79791,1.3941
0.90833,0.82267,-1.0094,1.1646,0.6166,-1.7973,0.57625
1.3557,-0.35968,0.13792,1.6244,0.39037,-1.7407,-0.58609
0.50355,-1.1334,0.016839,1.2886,-0.56985,-0.085564,-1.5521
-0.55741,-1.5467,0.45143,-0.24246,-0.94746,0.41484,-1.6525
-1.5041,-0.263,0.9245,-1.5534,-0.63761,0.37384,-0.090008
-1.5248,0.74707,1.0177,-2.2642,0.45052,1.0289,0.60818
0.0010913,0.90901,0.82176,-1.0098,1.1646,0.61455,0.60818
0.69343,1.356,-0.36028,0.13797,1.6241,0.38811,1.1595
0.74369,0.50452,-1.1338,0.016842,1.2885,-0.57296,0.44388
1.2119,-0.55566,-1.547,0.45161,-0.2415,-0.95091,-0.1301
0.32589,-1.5017,-0.26362,0.92486,-1.5516,-0.64079,-1.062
-0.38975,-1.5224,0.74618,1.0181,-2.262,0.44832,-1.0918
-1.3219,0.0024302,0.90807,0.82208,-1.0084,1.1631,-0.0033564
-1.1039,0.69426,1.355,-0.36043,0.13868,1.623,0.92237
0.21698,0.74449,0.50369,-1.1343,0.017629,1.2871,1.2394
0.92679,1.2124,-0.55621,-1.5476,0.45211,-0.24432,1.5196
1.1638,0.327,-1.502,-0.26373,0.92507,-1.5556,0.28959
1.3113,-0.38813,-1.5227,0.74647,1.0182,-2.2666,-0.97664
0.032321,-1.3196,0.0017367,0.90842,0.82235,-1.0119,-1.9567
-1.0389,-1.1018,0.69338,1.3555,-0.3594,0.1362,-1.5533
-1.9006,0.21816,0.7436,0.50389,-1.1328,0.015041,0.055131
-1.0988,0.92746,1.2114,-0.55643,-1.5458,0.44992,0.33895
0.32366,1.1643,0.32622,-1.5026,-0.26276,0.92329,0.38568
0.50094,1.3117,-0.38871,-1.5233,0.74679,1.0165,0.99299
0.76243,0.033637,-1.3199,0.0017329,0.90864,0.82048,0.64082
0.95112,-1.0368,-1.1022,0.69365,1.3555,-0.36232,0.47749
0.29219,-1.8979,0.21741,0.74389,0.50436,-1.1364,-0.55298
-0.24099,-1.0967,0.92651,1.2118,-0.55528,-1.5498,-0.91497
-1.1253,0.32477,1.1633,0.32634,-1.5008,-0.2656,-0.79078
-0.74558,0.50191,1.3107,-0.38887,-1.5215,0.74486,0.35255
0.25308,0.76322,0.032935,-1.3205,0.0025302,0.90685,1.1342
1.031,0.95176,-1.0372,-1.1026,0.69401,1.3541,1.5715
1.4636,0.29331,-1.8981,0.21749,0.74421,0.50221,1.3929
1.4254,-0.23947,-1.0971,0.92688,1.2119,-0.55838,-0.12222
0.00062431,-1.1231,0.32399,1.1637,0.32693,-1.5048,-1.4595
-1.2987,-0.74369,0.50108,1.3112,-0.38782,-1.5255,-2.2505
-2.1545,0.25424,0.76232,0.032943,-1.3188,-7.1074e-05,-1.1724
-1.2592,1.0316,0.95082,-1.0376,-1.1011,0.69202,0.10806
0.14342,1.4638,0.29254,-1.8988,0.21815,0.74227,0.040305
0.16927,1.4257,-0.2401,-1.0975,0.92708,1.2103,0.36549
0.41339,0.0019635,-1.1235,0.32411,1.1638,0.32462,0.9282
0.93573,-1.2964,-0.74419,0.50128,1.3111,-0.39078,0.9929
0.81391,-2.1516,0.25348,0.76262,0.033721,-1.3226,0.89812
0.66987,-1.2569,1.0306,0.95119,-1.0361,-1.1047,-0.28397
-0.44538,0.14466,1.4627,0.29265,-1.8968,0.21574,-1.0743
-0.99297,0.17049,1.4247,-0.2402,-1.096,0.92531,-1.5613
-1.206,0.41443,0.0012702,-1.124,0.3247,1.1622,-0.38318
0.029246,0.93639,-1.2968,-0.74449,0.50175,1.3097,0.7079
0.95246,0.81465,-2.1517,0.25357,0.76293,0.031147,0.90347
1.2633,0.67072,-1.2573,1.031,0.95138,-1.0397,1.3441
1.5003,-0.44371,0.14392,1.4633,0.29327,-1.9011,0.6023
0.23635,-0.99091,0.16975,1.4252,-0.23925,-1.0996,-0.4939
-1.0559,-1.2038,0.41363,0.0012662,-1.1224,0.32239,-1.4415
-1.9945,0.030564,0.93544,-1.2973,-0.74321,0.4996,-1.6078
-1.5045,0.95311,0.81374,-2.1526,0.25421,0.76101,-0.10621
0.076388,1.2637,0.66984,-1.2578,1.0311,0.94962,0.67849
0.31011,1.5005,-0.44429,0.14398,1.4632,0.29092,0.70746
0.38886,0.23751,-0.99133,0.16981,1.4251,-0.24207,1.2219
0.98373,-1.0538,-1.2042,0.41378,0.0020637,-1.126,0.40361
0.66881,-1.9917,0.029863,0.93581,-1.2957,-0.74648,-0.31709
0.51284,-1.502,0.95216,0.81406,-2.1504,0.25183,-1.2462
-0.53804,0.077672,1.2627,0.6701,-1.2562,1.0295,-1.1808
-0.92914,0.31123,1.4995,-0.44447,0.14468,1.4619,0.11277
-0.8694,0.38992,0.23676,-0.99173,0.1705,1.4238,0.91384
0.29618,0.98436,-1.0542,-1.2047,0.41432,-0.00053794,1.1337
1.1036,0.66966,-1.9918,0.029871,0.93601,-1.2994,1.38
1.5251,0.5138,-1.5023,0.95253,0.81433,-2.1549,0.13775
1.4338,-0.53631,0.076958,1.2632,0.67047,-1.2599,-0.96388
-0.052726,-0.92712,0.31045,1.5,-0.44339,0.14221,-1.874
-1.3947,-0.86742,0.38912,0.23685,-0.9903,0.16805,-1.2531
-2.224,0.2973,0.9834,-1.0546,-1.2031,0.41208,0.24606
-1.2518,1.1042,0.66879,-1.9926,0.03065,0.93424,0.49781
0.10145,1.5253,0.51297,-1.5029,0.95272,0.81246,0.67562
0.075953,1.4341,-0.53686,0.076984,1.2631,0.66847,1.0011
0.34478,-0.051348,-0.92757,0.31057,1.4999,-0.44639,0.35176
0.93082,-1.3923,-0.86788,0.38927,0.23749,-0.99378,-0.11492
0.94885,-2.221,0.29653,0.98378,-1.0531,-1.2068,-1.0542
0.87751,-1.2496,1.1032,0.66905,-1.9906,0.028074,-0.81977
-0.28823,0.10271,1.5242,0.51317,-1.5011,0.95097,0.094685
-1.0398,0.077237,1.433,-0.53708,0.077733,1.2617,0.97643
-1.5008,0.34587,-0.052027,-0.92794,0.31117,1.4986,1.4169
-0.34444,0.93148,-1.3926,-0.86823,0.38982,0.2351,1.5483
0.74229,0.9495,-2.2211,0.29664,0.98395,-1.0567,0.20258
0.97228,0.87821,-1.2499,1.1036,0.66942,-1.9949,-1.1507
1.3948,-0.28668,0.10199,1.5248,0.51364,-1.5051,-2.1046
0.57626,-1.0377,0.076524,1.4335,-0.53593,0.075199,-1.5288
-0.5872,-1.4984,0.34508,-0.052052,-0.92654,0.30884,0.037651
-1.5541,-0.34285,0.93054,-1.3932,-0.86688,0.38757,0.18539
-1.6547,0.74309,0.94855,-2.222,0.29725,0.98223,0.27118
-0.09065,0.97291,0.87729,-1.2504,1.1037,0.66742,0.94458
0.60822,1.3951,-0.2873,0.10203,1.5246,0.5115,0.83068
0.60819,0.57718,-1.0381,0.076549,1.4334,-0.53902,0.8207
1.1601,-0.58544,-1.4986,0.34522,-0.05122,-0.92998,-0.26991
0.44376,-1.5516,-0.34345,0.9309,-1.3915,-0.87025,-0.93519
-0.13078,-1.6521,0.7422,0.94892,-2.2198,0.29492,-1.3063
-1.0636,-0.089244,0.97196,0.87763,-1.2488,1.1021,-0.26303
-1.0934,0.60912,1.3941,-0.28741,0.10276,1.5234,0.81871
-0.0039148,0.60909,0.57634,-1.0385,0.077299,1.4321,1.1608
0.92271,1.1606,-0.58597,-1.4992,0.34579,-0.05387,1.5232
1.24,0.44477,-1.5519,-0.34359,0.93111,-1.3953,0.53425
1.5205,-0.12935,-1.6524,0.74249,0.94911,-2.2244,-0.79226
0.28931,-1.0614,-0.089913,0.97234,0.87786,-1.2526,-1.8004
-0.97813,-1.0913,0.60826,1.3946,-0.28643,0.10025,-1.7735
-1.9591,-0.0025723,0.60823,0.57656,-1.0371,0.074764,-0.11195
-1.5554,0.92337,1.1596,-0.58621,-1.4975,0.3435,0.39751
0.054631,1.2405,0.44396,-1.5525,-0.34257,0.92933,0.34306
0.33871,1.5207,-0.13,-1.653,0.74281,0.94736,1.0164
0.38548,0.29044,-1.0618,-0.089953,0.97251,0.87604,0.64537
0.9934,-0.97607,-1.0917,0.6085,1.3945,-0.28929,0.45351
0.64087,-1.9563,-0.0032644,0.60847,0.57699,-1.0406,-0.49731
0.47738,-1.5529,0.92243,1.16,-0.58503,-1.5014,-0.93961
-0.55406,0.05593,1.2394,0.44413,-1.5507,-0.34548,-0.72842
-0.91639,0.3398,1.5196,-0.13006,-1.6512,0.74087,0.33661
-0.79209,0.38653,0.28967,-1.0623,-0.089097,0.97078,1.1165
0.35231,0.99402,-0.97651,-1.0921,0.60891,1.3932,1.5806
1.1347,0.64174,-1.9565,-0.0032702,0.60887,0.5749,1.4151
1.5725,0.47837,-1.5532,0.92279,1.1601,-0.58816,-0.090569
1.3937,-0.55232,0.055223,1.2399,0.44465,-1.5547,-1.4416
-0.12289,-0.91439,0.33902,1.5202,-0.12918,-1.6552,-2.2504
-1.4614,-0.79018,0.38574,0.28978,-1.0608,-0.09178,-1.2129
-2.2532,0.35339,0.99306,-0.9769,-1.0906,0.60685,0.09726
-1.1741,1.1352,0.64087,-1.9573,-0.0024697,0.60682,0.039797
0.10761,1.5727,0.47755,-1.5538,0.923,1.1585,0.34094
0.039787,1.394,-0.55287,0.05524,1.2399,0.44244,0.92798
0.36527,-0.12146,-0.91483,0.33915,1.52,-0.1319,0.99551
0.92852,-1.459,-0.79066,0.38589,0.29039,-1.0643,0.92709
0.99329,-2.2503,0.35261,0.99344,-0.97547,-1.0942,-0.255
0.89844,-1.1719,1.1342,0.64112,-1.9552,-0.0050755,-1.0618
-0.2848,0.10887,1.5715,0.47773,-1.552,0.92122,-1.5771
-1.0759,0.041098,1.3929,-0.55309,0.056003,1.2384,-0.43543
-1.5633,0.36634,-0.12212,-0.9152,0.33973,1.5188,0.68489
-0.3841,0.92918,-1.4593,-0.79097,0.38644,0.28805,0.88668
0.70804,0.99391,-2.2504,0.35274,0.99361,-0.97895,1.3245
0.90379,0.89912,-1.1723,1.1347,0.64151,-1.9596,0.64272
1.3448,-0.28325,0.10815,1.5722,0.47823,-1.556,-0.44953
0.60232,-1.0738,0.040394,1.3935,-0.55194,0.053449,-1.3917
-0.49492,-1.5608,0.36555,-0.12217,-0.91381,0.33743,-1.622
-1.4435,-0.38248,0.92824,-1.4599,-0.78967,0.38418,-0.15093
-1.6099,0.70887,0.99295,-2.2512,0.35331,0.99189,0.6871
-0.10687,0.90447,0.89819,-1.1728,1.1348,0.63948,0.72058
0.67858,1.3451,-0.28387,0.10819,1.5719,0.47605,1.2374
0.7076,0.60322,-1.0742,0.040405,1.3934,-0.55503,0.42604
1.2225,-0.49322,-1.5611,0.36569,-0.1213,-0.91724,-0.33337
0.40345,-1.4411,-0.38307,0.9286,-1.4581,-0.79298,-1.26
-0.31795,-1.6074,0.70799,0.99334,-2.249,0.35103,-1.2312
-1.2479,-0.10545,0.90353,0.89854,-1.1712,1.1332,0.089417
-1.1825,0.67943,1.3441,-0.28398,0.10892,1.5707,0.89459
0.11232,0.70843,0.60237,-1.0746,0.041178,1.392,1.0908
0.91417,1.2229,-0.49378,-1.5617,0.36626,-0.12401,1.3714
1.1343,0.4045,-1.4414,-0.38322,0.9288,-1.4621,0.1622
1.3808,-0.31638,-1.6076,0.70826,0.9935,-2.2536,-0.91035
0.13732,-1.2457,-0.10612,0.90388,0.89876,-1.1749,-1.8265
-0.96535,-1.1803,0.67855,1.3446,-0.283,0.10641,-1.2544
-1.8764,0.11358,0.70754,0.6026,-1.0731,0.038611,0.25181
-1.2548,0.91484,1.2219,-0.49398,-1.5599,0.36398,0.5456
0.24574,1.1348,0.4037,-1.4419,-0.38218,0.92703,0.71519
0.49772,1.3812,-0.31698,-1.6083,0.7086,0.99178,1.0202
0.67573,0.13856,-1.246,-0.10616,0.9041,0.89696,0.29503
1.0015,-0.96331,-1.1806,0.67882,1.3446,-0.28586,-0.22527
0.35153,-1.8737,0.11286,0.70782,0.60301,-1.0767,-1.1447
-0.11558,-1.2526,0.9139,1.2224,-0.49287,-1.5639,-0.81123
-1.0558,0.2469,1.1338,0.40385,-1.4402,-0.38512,0.22953
-0.8211,0.4987,1.3801,-0.31711,-1.6065,0.70663,1.0138
0.094222,0.67657,0.13783,-1.2465,-0.1053,0.90231,1.4155
0.97679,1.0021,-0.96375,-1.1811,0.67918,1.3432,1.4253
1.4177,0.35261,-1.8738,0.1129,0.70816,0.60095,0.024755
1.5493,-0.11416,-1.2529,0.91426,1.2224,-0.49591,-1.2502
0.20222,-1.0537,0.24614,1.1342,0.40439,-1.4441,-2.118
-1.1524,-0.81917,0.49787,1.3806,-0.31611,-1.6105,-1.267
-2.1071,0.095493,0.6757,0.13788,-1.2449,-0.10799,0.1577
-1.5309,0.97742,1.0011,-0.96413,-1.1795,0.67718,0.2125
0.03713,1.418,0.35182,-1.8746,0.11362,0.70619,0.44062
0.18501,1.5495,-0.11482,-1.2534,0.91447,1.2209,0.94043
0.27088,0.20341,-1.0541,0.24624,1.1343,0.40215,0.75247
0.94494,-1.1502,-0.81964,0.49806,1.3806,-0.319,0.57766
0.83092,-2.1043,0.094775,0.67596,0.13859,-1.2487,-0.51384
0.82093,-1.5284,0.97646,1.0015,-0.96271,-1.1832,-0.96686
-0.27072,0.038442,1.4169,0.35196,-1.8726,0.11112,-1.0537
-0.93664,0.18621,1.5484,-0.11487,-1.2518,0.91269,0.18749
-1.3081,0.27203,0.20266,-1.0545,0.24688,1.1327,1.0395
-0.26384,0.94559,-1.1506,-0.81997,0.49854,1.3792,1.3918
0.81894,0.83166,-2.1044,0.094808,0.67633,0.13611,1.4652
1.1613,0.82167,-1.5287,0.97684,1.0017,-0.96618,0.064825
1.5241,-0.26919,0.037739,1.4175,0.35253,-1.8769,-1.246
0.53422,-0.93461,0.18547,1.549,-0.114,-1.2555,-2.1247
-0.79357,-1.3058,0.27126,0.20274,-1.053,0.24449,-1.3483
-1.8026,-0.2623,0.94465,-1.151,-0.81864,0.49639,0.11261
-1.7758,0.81968,0.83074,-2.1052,0.095545,0.67433,0.18877
-0.11261,1.1618,0.82076,-1.5293,0.97702,0.99997,0.37379
0.39733,1.5243,-0.26981,0.03775,1.4174,0.35024,0.94617
0.34285,0.53517,-0.93506,0.18554,1.5488,-0.1167,0.80356
1.0168,-0.79165,-1.3061,0.27136,0.20341,-1.0566,0.6962
0.64543,-1.8,-0.26293,0.94502,-1.1495,-0.82198,-0.41405
0.45338,-1.7731,0.81877,0.83107,-2.1031,0.093027,-0.97511
-0.49834,-0.11119,1.1608,0.82108,-1.5275,0.97529,-1.207
-0.94106,0.39838,1.5232,-0.26992,0.038524,1.416,-0.014084
-0.72967,0.34394,0.53433,-0.93543,0.18622,1.5476,0.935
0.33636,1.0174,-0.79214,-1.3067,0.27199,0.20099,1.2606
1.117,0.6463,-1.8002,-0.26304,0.94521,-1.1531,1.5206
1.5816,0.45439,-1.7734,0.81909,0.83133,-2.1076,0.2876
1.4159,-0.49664,-0.11185,1.1613,0.82135,-1.5315,-1.0227
-0.091212,-0.93903,0.39758,1.5238,-0.26895,0.035955,-1.9781
-1.4435,-0.7278,0.34315,0.53454,-0.93403,0.18378,-1.5662
-2.2531,0.33745,1.0164,-0.79245,-1.305,0.26963,0.041493
-1.2146,1.1175,0.64543,-1.8009,-0.26207,0.94345,0.30883
0.0968,1.5817,0.45358,-1.7741,0.81936,0.82947,0.35529
0.03928,1.4162,-0.4972,-0.1119,1.1613,0.81948,0.98482
0.34071,-0.089806,-0.93948,0.39774,1.5237,-0.27179,0.68511
0.92831,-1.4411,-0.72829,0.34328,0.535,-0.93747,0.55699
0.99589,-2.2501,0.33667,1.0168,-0.79115,-1.3088,-0.48538
0.92741,-1.2123,1.1165,0.64568,-1.799,-0.26491,-0.92501
-0.25579,0.098069,1.5806,0.45375,-1.7721,0.81749,-0.91923
-1.0634,0.040591,1.4152,-0.4974,-0.11103,1.1598,0.21609
-1.5792,0.3418,-0.090475,-0.93985,0.39828,1.5224,1.0652
-0.4364,0.92897,-1.4414,-0.72859,0.34386,0.53287,1.4869
0.68501,0.9965,-2.2502,0.3368,1.017,-0.79446,1.4947
0.88697,0.92807,-1.2127,1.117,0.64606,-1.8032,0.048842
1.3252,-0.25427,0.09735,1.5812,0.45426,-1.7763,-1.3122
0.64278,-1.0613,0.039888,1.4157,-0.49628,-0.11373,-2.1911
-0.45051,-1.5767,0.34101,-0.090515,-0.93845,0.39603,-1.3752
-1.3936,-0.43474,0.92803,-1.442,-0.72732,0.34156,0.071035
-1.6241,0.68585,0.99554,-2.2511,0.33738,1.0153,0.10383
-0.15163,0.88767,0.92713,-1.2132,1.1171,0.64404,0.29169
0.68719,1.3256,-0.25489,0.097384,1.581,0.45206,0.93319
0.72073,0.64365,-1.0617,0.039899,1.4156,-0.49933,0.92237
1.238,-0.44884,-1.5769,0.34114,-0.089658,-0.94189,0.90444
0.42589,-1.3912,-0.43532,0.92839,-1.4403,-0.73058,-0.24117
-0.33424,-1.6215,0.68498,0.99593,-2.2489,0.33508,-0.99481
-1.2617,-0.15018,0.88674,0.92749,-1.2116,1.1155,-1.4768
-1.2329,0.68803,1.3245,-0.255,0.09812,1.5798,-0.40084
0.088948,0.72155,0.64279,-1.0621,0.040672,1.4143,0.72645
0.89488,1.2385,-0.44942,-1.5776,0.34172,-0.092342,0.99277
1.0913,0.42692,-1.3915,-0.4355,0.92859,-1.4442,1.4032
1.3722,-0.33266,-1.6218,0.68524,0.99609,-2.2535,0.62978
0.1618,-1.2595,-0.15083,0.88708,0.9277,-1.2153,-0.57443
-0.91177,-1.2307,0.68716,1.325,-0.25404,0.095604,-1.5517
-1.8288,0.090223,0.72066,0.64304,-1.0606,0.038104,-1.7168
-1.2562,0.89557,1.2374,-0.4496,-1.5758,0.33943,-0.15146
0.2515,1.0918,0.42611,-1.3921,-0.43442,0.92682,0.57611
0.54555,1.3725,-0.33326,-1.6224,0.6856,0.99438,0.55514
0.71531,0.16302,-1.2598,-0.1509,0.88731,0.92593,1.137
1.0206,-0.90977,-1.231,0.68742,1.325,-0.25687,0.50055
0.29476,-1.8262,0.089506,0.72094,0.64342,-1.0642,-0.025399
-0.22604,-1.2539,0.89464,1.2379,-0.44851,-1.5798,-0.9452
-1.1463,0.25265,1.0909,0.42628,-1.3904,-0.43741,-1.0951
-0.81256,0.54649,1.3714,-0.3334,-1.6206,0.68361,-0.12862
0.2292,0.71613,0.16228,-1.2603,-0.15,0.8855,0.8718
1.0142,1.0212,-0.91022,-1.2315,0.68778,1.3236,1.2404
1.4163,0.29588,-1.8264,0.089537,0.72128,0.6414,1.586
1.4261,-0.22454,-1.2543,0.89498,1.2379,-0.45152,0.46782
0.024222,-1.1442,0.25189,1.0913,0.4268,-1.3942,-0.87447
-1.2519,-0.81062,0.54565,1.372,-0.33239,-1.6247,-1.9173
-2.1205,0.23037,0.71524,0.16234,-1.2587,-0.15274,-1.7734
-1.2687,1.0148,1.0203,-0.91058,-1.2299,0.68579,-0.096037
0.1573,1.4166,0.29511,-1.8271,0.090278,0.71932,0.30708
0.21214,1.4264,-0.22517,-1.2548,0.89521,1.2364,0.25384
0.44049,0.025544,-1.1445,0.25199,1.0914,0.42458,0.96914
0.94078,-1.2496,-0.8111,0.54586,1.3719,-0.33529,0.73052
0.75263,-2.1177,0.22962,0.71552,0.16304,-1.2625,0.67827
0.57765,-1.2665,1.0138,1.0207,-0.9092,-1.2336,-0.29627
-0.51488,0.15852,1.4155,0.29522,-1.8251,0.087755,-0.88992
-0.96834,0.21333,1.4253,-0.22526,-1.2532,0.89341,-1.0354
-1.0552,0.44151,0.024844,-1.145,0.25262,1.0898,-0.068372
0.18712,0.94143,-1.25,-0.81142,0.54631,1.3705,0.93394
1.04,0.75342,-2.1178,0.2297,0.71586,0.16058,1.3789
1.3925,0.57857,-1.2668,1.0142,1.0208,-0.91261,1.6245
1.4661,-0.51317,0.15779,1.4161,0.29583,-1.8293,0.37852
0.064331,-0.96629,0.21258,1.4259,-0.22432,-1.2569,-1.0471
-1.2478,-1.0531,0.4407,0.02485,-1.1435,0.25025,-2.0525
-2.1272,0.18832,0.94049,-1.2505,-0.8101,0.5442,-1.7483
-1.3502,1.0406,0.75252,-2.1186,0.23035,0.7139,-0.081171
0.11216,1.3929,0.57772,-1.2673,1.0144,1.0191,0.18551
0.1884,1.4664,-0.51372,0.15784,1.416,0.29349,0.15782
0.37362,0.065623,-0.96673,0.21266,1.4258,-0.22712,0.92493
0.94653,-1.2455,-1.0535,0.44087,0.025632,-1.1471,0.86248
0.80376,-2.1243,0.18758,0.94085,-1.2489,-0.81343,0.94396
0.69631,-1.3478,1.0396,0.75281,-2.1165,0.22796,-0.075416
-0.415,0.11342,1.3918,0.57795,-1.2657,1.0127,-0.87337
-0.9766,0.1896,1.4653,-0.51393,0.15854,1.4146,-1.3786
-1.2087,0.37468,0.064913,-0.96711,0.21332,1.4244,-0.59282
-0.01465,0.94718,-1.2459,-1.054,0.44138,0.023052,0.6519
0.93533,0.80452,-2.1245,0.18765,0.94105,-1.2526,1.0495
1.2613,0.69714,-1.3482,1.04,0.75313,-2.121,1.414
1.5215,-0.41335,0.1127,1.3923,0.57837,-1.2695,0.81717
0.28732,-0.97454,0.18886,1.4659,-0.5128,0.15608,-0.50226
-1.0242,-1.2065,0.37389,0.064934,-0.96569,0.21091,-1.5269
-1.9805,-0.0133,0.94623,-1.2464,-1.0525,0.43917,-1.8973
-1.5683,0.93599,0.80361,-2.1253,0.18833,0.93929,-0.36937
0.040975,1.2617,0.69626,-1.3487,1.0401,0.7512,0.47891
0.30856,1.5217,-0.41394,0.11274,1.3922,0.57629,0.41226
0.35505,0.28845,-0.97498,0.18893,1.4657,-0.51587,1.0306
0.98519,-1.0221,-1.2069,0.37403,0.065691,-0.96916,0.6633
0.68521,-1.9778,-0.013989,0.9466,-1.2448,-1.056,0.2666
0.55697,-1.5658,0.93505,0.80392,-2.1232,0.18589,-0.55734
-0.4864,0.042285,1.2607,0.69653,-1.347,1.0384,-1.0565
-0.92645,0.30967,1.5206,-0.4141,0.11346,1.3909,-0.51922
-0.92066,0.35613,0.28768,-0.97536,0.1896,1.4644,0.53411
0.21574,0.98581,-1.0225,-1.2074,0.37459,0.063146,1.1601
1.0657,0.68605,-1.9779,-0.013999,0.94679,-1.2485,1.6177
1.4877,0.5579,-1.566,0.93541,0.8042,-2.1277,1.1493
1.4955,-0.4847,0.041581,1.2612,0.69689,-1.3509,-0.35366
0.048335,-0.92443,0.3089,1.5212,-0.41304,0.11096,-1.6078
-1.314,-0.91865,0.35535,0.28779,-0.97394,0.18717,-2.2182
-2.1937,0.21692,0.98485,-1.0229,-1.2058,0.37233,-0.81729
-1.377,1.0662,0.68517,-1.9787,-0.013192,0.94503,0.20017
0.070547,1.488,0.55706,-1.5667,0.93561,0.80232,0.056977
0.10337,1.4958,-0.48526,0.041593,1.2611,0.69491,0.59882
0.29141,0.049639,-0.92488,0.30902,1.521,-0.41601,0.90245
0.9335,-1.3117,-0.9191,0.35548,0.28841,-0.97742,0.94834
0.92272,-2.1908,0.21617,0.98524,-1.0215,-1.2095,0.57567
0.90473,-1.3747,1.0652,0.68543,-1.9766,-0.015807,-0.53296
-0.24195,0.071835,1.4869,0.55727,-1.5649,0.93384,-1.1535
-0.99632,0.10464,1.4947,-0.48546,0.042365,1.2597,-1.2924
-1.4788,0.29254,0.048933,-0.92525,0.30962,1.5198,0.096695
-0.40178,0.93416,-1.3121,-0.91947,0.35605,0.28606,0.91941
0.7266,0.92338,-2.1909,0.21625,0.98541,-1.025,1.1291
0.99316,0.90541,-1.375,1.0657,0.68579,-1.981,1.3815
1.404,-0.24044,0.071123,1.4875,0.55772,-1.5689,0.16015
0.62984,-0.99425,0.10392,1.4953,-0.48435,0.039799,-0.97476
-0.57553,-1.4764,0.29177,0.048948,-0.92386,0.30729,-1.873
-1.5538,-0.40015,0.93322,-1.3126,-0.91808,0.35377,-1.2896
-1.719,0.72741,0.92244,-2.1917,0.21691,0.98368,0.22243
-0.15216,0.99378,0.90447,-1.3755,1.0658,0.6838,0.48531
0.57609,1.4043,-0.24106,0.071147,1.4873,0.55561,0.64788
0.55511,0.63072,-0.99468,0.10395,1.4951,-0.48739,1.009
1.1375,-0.57377,-1.4767,0.29188,0.049715,-0.92729,0.38417
0.50047,-1.5513,-0.40073,0.93358,-1.311,-0.9215,-0.060153
-0.02598,-1.7164,0.72652,0.9228,-2.1895,0.2145,-1.0158
-0.94666,-0.15071,0.99282,0.90482,-1.3739,1.0641,-0.84743
-1.0967,0.57701,1.4032,-0.24116,0.0719,1.4861,0.013236
-0.1293,0.55604,0.62986,-0.99507,0.10468,1.4938,0.94286
0.87207,1.138,-0.57431,-1.4773,0.29249,0.047156,1.3963
1.241,0.50144,-1.5516,-0.40089,0.93378,-1.3147,1.5989
1.5869,-0.024622,-1.7166,0.7268,0.92301,-2.1941,0.31037
0.4677,-0.94463,-0.15137,0.9932,0.90504,-1.3777,-1.0736
-0.87586,-1.0946,0.57616,1.4038,-0.24021,0.06936,-2.0724
-1.9196,-0.12786,0.5552,0.6301,-0.99364,0.10217,-1.663
-1.7757,0.87277,1.137,-0.57454,-1.4755,0.29015,-0.030085
-0.096682,1.2415,0.50061,-1.5522,-0.39984,0.93201,0.19034
0.30682,1.5871,-0.025308,-1.7173,0.72714,0.92123,0.20451
0.25353,0.4687,-0.94507,-0.15143,0.99337,0.90325,0.93694
0.96951,-0.87388,-1.095,0.57638,1.4037,-0.24303,0.84336
0.73064,-1.9169,-0.12852,0.55542,0.63049,-0.99713,0.88823
0.67836,-1.773,0.87184,1.1375,-0.57338,-1.4794,-0.16349
-0.29711,-0.095272,1.2404,0.50081,-1.5504,-0.4028,-0.89855
-0.89132,0.30793,1.586,-0.025322,-1.7154,0.72518,-1.3417
-1.0369,0.25468,0.46788,-0.94545,-0.15053,0.99165,-0.43835
-0.068993,0.97015,-0.87434,-1.0954,0.57681,1.4023,0.73347
0.93427,0.73144,-1.9171,-0.12858,0.55586,0.62845,1.1072
1.3796,0.6792,-1.7733,0.87218,1.1375,-0.57649,1.4839
1.6255,-0.29555,-0.095939,1.2409,0.50128,-1.5544,0.69328
0.37833,-0.88933,0.30716,1.5866,-0.024508,-1.7195,-0.64172
-1.0486,-1.0348,0.25392,0.46806,-0.94404,-0.15327,-1.6683
-2.0551,-0.067602,0.96919,-0.87469,-1.0939,0.57473,-1.8679
-1.7505,0.93493,0.73056,-1.9178,-0.12769,0.55375,-0.2465
-0.081802,1.3799,0.67833,-1.774,0.87242,1.1359,0.43801
0.18513,1.6256,-0.29616,-0.095981,1.2409,0.49913,0.35741
0.15742,0.37939,-0.88979,0.30728,1.5864,-0.027133,1.0208
0.92525,-1.0465,-1.0353,0.25402,0.46856,-0.94749,0.65362
0.86277,-2.0522,-0.068277,0.96957,-0.87333,-1.0975,0.38329
0.94429,-1.7479,0.93398,0.73084,-1.9158,-0.13041,-0.49446
-0.076044,-0.080402,1.3789,0.67859,-1.772,0.8706,-0.97999
-0.87476,0.18633,1.6245,-0.29628,-0.095122,1.2394,-0.63858
-1.3805,0.15864,0.3786,-0.89014,0.30788,1.5852,0.39791
-0.59394,0.92591,-1.0469,-1.0357,0.25465,0.46638,1.1308
0.65197,0.86348,-2.0524,-0.068309,0.96975,-0.87672,1.6016
1.05,0.94494,-1.7481,0.93435,0.73117,-1.9201,1.3445
1.4148,-0.074648,-0.081074,1.3794,0.67895,-1.7762,-0.16861
0.81739,-0.87278,0.18559,1.6251,-0.2953,-0.09781,-1.495
-0.50329,-1.3782,0.15791,0.37874,-0.88877,0.30555,-2.2533
-1.5289,-0.59217,0.92497,-1.0473,-1.0342,0.25228,-1.0989
-1.8997,0.65283,0.86256,-2.0532,-0.067467,0.96801,0.12754
-0.37028,1.0506,0.944,-1.7488,0.93455,0.72922,0.036485
0.47883,1.4151,-0.075321,-0.08111,1.3793,0.67696,0.41001
0.41211,0.81814,-0.87324,0.18566,1.6249,-0.29816,0.92572
1.0311,-0.50159,-1.3785,0.15797,0.3793,-0.89217,0.99303
0.66336,-1.5264,-0.59271,0.92533,-1.0459,-1.0377,0.84808
0.2663,-1.8969,0.65196,0.86289,-2.0511,-0.07013,-0.33092
-0.55842,-0.36867,1.0496,0.94436,-1.7469,0.93278,-1.0972
-1.058,0.47982,1.414,-0.075355,-0.08026,1.378,-1.5352
-0.52027,0.41315,0.81722,-0.87358,0.18634,1.6238,-0.29878
0.53407,1.0316,-0.50215,-1.379,0.15866,0.37703,0.74328
1.1607,0.66421,-1.5267,-0.59294,0.92554,-1.0494,0.92811
1.6187,0.26744,-1.8971,0.65222,0.86314,-2.0555,1.3673
1.1498,-0.55668,-0.36926,1.05,0.94456,-1.751,0.53363
-0.35455,-1.0559,0.479,1.4145,-0.074509,-0.082935,-0.56295
-1.6099,-0.51855,0.41234,0.81754,-0.87223,0.1839,-1.5146
-2.2208,0.53502,1.0307,-0.50235,-1.3774,0.1562,-1.5719
-0.81863,1.1612,0.66334,-1.5273,-0.59177,0.92376,-0.034833
0.19981,1.6189,0.26668,-1.8979,0.6526,0.86131,0.66497
0.056477,1.1503,-0.55722,-0.36941,1.0501,0.9428,0.69642
0.59881,-0.35296,-1.0563,0.47918,1.4144,-0.077179,1.1968
0.90274,-1.6074,-0.5191,0.4125,0.81782,-0.87561,0.36933
0.94868,-2.2179,0.53419,1.0311,-0.50123,-1.3812,-0.30094
0.57568,-0.81669,1.1602,0.6636,-1.5256,-0.5949,-1.2344
-0.53403,0.20101,1.6177,0.26678,-1.8959,0.65058,-1.1064
-1.1551,0.057775,1.1493,-0.55745,-0.36838,1.0485,0.15021
-1.2942,0.59972,-0.35355,-1.0568,0.47967,1.4131,0.93884
0.09623,0.90342,-1.6077,-0.51931,0.41304,0.81594,1.1924
0.91974,0.94933,-2.218,0.53439,1.0312,-0.50428,1.3843
1.1296,0.5766,-0.81717,1.1606,0.66397,-1.5295,0.098987
1.3822,-0.5323,0.20026,1.6184,0.2674,-1.9002,-1.0364
0.15975,-1.1529,0.057067,1.1498,-0.55629,-0.37131,-1.9338
-0.97625,-1.2919,0.59886,-0.3537,-1.0553,0.4775,-1.2384
-1.8753,0.097499,0.90248,-1.6083,-0.51818,0.4108,0.24119
-1.2914,0.92041,0.94838,-2.2189,0.53485,1.0295,0.43669
0.22208,1.1301,0.57575,-0.81749,1.1607,0.66196,0.63326
0.4852,1.3825,-0.53285,0.20033,1.6181,0.26504,0.97762
0.64797,0.16097,-1.1533,0.057085,1.1498,-0.55939,0.42587
1.0094,-0.97419,-1.2922,0.5991,-0.35267,-1.0588,0.019265
0.38401,-1.8726,0.09678,0.90283,-1.6065,-0.52125,-0.94534
-0.060763,-1.2891,0.91947,0.94875,-2.2166,0.53273,-0.83684
-1.0173,0.22326,1.1291,0.57597,-0.81617,1.1591,-0.10343
-0.8488,0.48618,1.3815,-0.53306,0.201,1.617,0.89313
0.012693,0.64883,0.16023,-1.1538,0.057847,1.1483,1.3938
0.94322,1.01,-0.97463,-1.2927,0.59951,-0.35559,1.6689
1.3971,0.38507,-1.8728,0.096814,0.90305,-1.6105,0.47127
1.5999,-0.059379,-1.2895,0.91983,0.94894,-2.2212,-0.9757
0.31011,-1.0152,0.22251,1.1295,0.5764,-0.8195,-2.0356
-1.0751,-0.84684,0.48536,1.382,-0.53192,0.19858,-1.8568
-2.0749,0.014024,0.64797,0.16029,-1.1522,0.055295,-0.15385
-1.6651,0.94387,1.0091,-0.97502,-1.2911,0.59744,0.17148
-0.030668,1.3975,0.38427,-1.8735,0.09755,0.90126,0.094094
0.18996,1.6001,-0.060056,-1.29,0.92004,0.94719,0.89485
0.20414,0.31122,-1.0156,0.22259,1.1296,0.57432,0.88858
0.93729,-1.073,-0.84731,0.48555,1.3819,-0.535,1.0221
0.84363,-2.072,0.013327,0.64822,0.16099,-1.1559,0.065183
0.88852,-1.6626,0.94292,1.0095,-0.97359,-1.2949,-0.82055
-0.1642,-0.029306,1.3964,0.38442,-1.8715,0.095034,-1.4193
-0.89996,0.19117,1.599,-0.060084,-1.2884,0.91826,-0.83088
-1.3436,0.20534,0.31044,-1.016,0.22325,1.128,0.51848
-0.43932,0.93795,-1.0734,-0.84765,0.48604,1.3806,0.96644
0.7336,0.84435,-2.0722,0.013328,0.6486,0.15853,1.2754
1.1077,0.88921,-1.6628,0.94329,1.0096,-0.97707,0.98323
1.4847,-0.16274,-0.029991,1.3969,0.38497,-1.8758,-0.29328
0.6934,-0.89797,0.19042,1.5996,-0.059247,-1.2921,-1.2918
-0.64289,-1.3413,0.20459,0.31056,-1.0146,0.22084,-1.8784
-1.6704,-0.43766,0.937,-1.0738,-0.8463,0.48387,-0.57584
-1.8703,0.73441,0.84343,-2.073,0.014118,0.64658,0.51336
-0.24729,1.1083,0.88828,-1.6635,0.94348,1.0079,0.52325
0.43786,1.485,-0.16339,-0.030008,1.3968,0.38271,1.0376
0.35719,0.69424,-0.89842,0.19049,1.5994,-0.061904,0.72274
1.0212,-0.64108,-1.3416,0.20466,0.31116,-1.0181,0.0984
0.65371,-1.6678,-0.43824,0.93737,-1.0724,-0.84967,-0.67296
0.3831,-1.8676,0.73352,0.84376,-2.0709,0.011527,-1.2224
-0.49548,-0.24577,1.1073,0.88862,-1.6616,0.94173,-0.42406
-0.98148,0.43888,1.4839,-0.16346,-0.02919,1.3955,0.68048
-0.63974,0.35827,0.69336,-0.89878,0.19117,1.5982,1.1375
0.39774,1.0218,-0.6416,-1.3421,0.20533,0.30884,1.572
1.1313,0.65457,-1.6681,-0.43841,0.93757,-1.0759,0.87277
1.6025,0.38416,-1.8678,0.7338,0.84402,-2.0753,-0.54364
1.3452,-0.49378,-0.24639,1.1077,0.88885,-1.6657,-1.6818
-0.16933,-0.97942,0.43807,1.4845,-0.16255,-0.03182,-2.0583
-1.4969,-0.63793,0.35748,0.69363,-0.8974,0.18874,-0.46843
-2.2561,0.39879,1.0208,-0.64186,-1.3405,0.20291,0.32155
-1.1005,1.1319,0.6537,-1.6688,-0.43733,0.9358,0.18409
0.12711,1.6027,0.38336,-1.8685,0.73413,0.84217,0.8601
0.035963,1.3455,-0.49434,-0.2465,1.1078,0.88704,0.79809
0.40983,-0.16786,-0.97985,0.43824,1.4843,-0.1653,0.71819
0.92605,-1.4945,-0.63846,0.35761,0.69398,-0.90081,0.014632
0.99343,-2.2531,0.39799,1.0212,-0.64065,-1.3443,-0.8149
0.84835,-1.0983,1.1309,0.65395,-1.6669,-0.44033,-1.0246
-0.3318,0.12836,1.6016,0.38351,-1.8665,0.73219,-0.44619
-1.0988,0.037277,1.3445,-0.49454,-0.24554,1.1062,0.73926
-1.5373,0.41087,-0.16851,-0.98024,0.43876,1.483,1.2913
-0.29963,0.92671,-1.4948,-0.63871,0.35818,0.692,1.652
0.74342,0.99404,-2.2532,0.39814,1.0213,-0.64383,0.79782
0.92844,0.84907,-1.0987,1.1313,0.65433,-1.671,-0.70927
1.3681,-0.33021,0.12763,1.6022,0.38406,-1.8708,-1.8387
0.53357,-1.0966,0.036574,1.345,-0.49343,-0.24836,-2.0916
-0.56404,-1.5348,0.41007,-0.16858,-0.97881,0.43655,-0.40679
-1.5167,-0.29807,0.92577,-1.4954,-0.63751,0.3559,0.22282
-1.5739,0.74422,0.99309,-2.2541,0.39868,1.0197,0.058713
-0.035422,0.9291,0.84815,-1.0992,1.1314,0.65232,0.81178
0.66504,1.3684,-0.33082,0.12768,1.602,0.3818,0.87074
0.69653,0.53452,-1.097,0.036584,1.345,-0.49647,0.9732
1.1974,-0.56229,-1.5351,0.41022,-0.16768,-0.98229,0.25561
0.36914,-1.5142,-0.29868,0.92613,-1.4936,-0.64068,-0.71406
-0.30178,-1.5715,0.74333,0.99347,-2.2518,0.39644,-1.2788
-1.2362,-0.034057,0.92816,0.84848,-1.0977,1.1298,-0.99858
-1.108,0.6659,1.3674,-0.33095,0.1284,1.6008,0.40303
0.14979,0.69736,0.53369,-1.0975,0.037359,1.3436,1.0026
0.9392,1.1979,-0.56283,-1.5357,0.41076,-0.17043,1.2656
1.193,0.37021,-1.5145,-0.2988,0.92634,-1.4976,1.1577
1.3851,-0.30022,-1.5717,0.74362,0.99363,-2.2564,-0.18207
0.098527,-1.2339,-0.03474,0.92852,0.84874,-1.1013,-1.2545
-1.0379,-1.1059,0.66503,1.3679,-0.32994,0.12591,-1.9694
-1.9362,0.15102,0.69648,0.53389,-1.096,0.034789,-0.82927
-1.2401,0.93986,1.1969,-0.56306,-1.5339,0.40852,0.39433
0.24086,1.1935,0.36942,-1.5151,-0.29781,0.92456,0.42503
0.43654,1.3854,-0.30084,-1.5724,0.74394,0.99192,0.84866
0.63332,0.099795,-1.2343,-0.034759,0.92873,0.84689,0.84667
0.97798,-1.0358,-1.1063,0.66528,1.3678,-0.33284,0.32967
0.42571,-1.9335,0.15029,0.69675,0.53435,-1.0996,-0.2693
0.018727,-1.2378,0.93891,1.1973,-0.5619,-1.5379,-1.0711
-0.9468,0.24203,1.1925,0.36956,-1.5133,-0.30068,-0.69523
-0.83819,0.43756,1.3844,-0.30096,-1.5705,0.742,0.25024
-0.10408,0.63419,0.099075,-1.2348,-0.033938,0.92695,1.0426
0.89341,0.97861,-1.0362,-1.1067,0.66566,1.3665,1.5092
1.3945,0.42674,-1.9336,0.15035,0.6971,0.53222,1.4568
1.67,0.020053,-1.2382,0.93928,1.1974,-0.56501,0.015886
0.47115,-0.94477,0.24127,1.193,0.37012,-1.5173,-1.3225
-0.97719,-0.83624,0.43675,1.3849,-0.29997,-1.5746,-2.1863
-2.0381,-0.10267,0.63333,0.09911,-1.2332,-0.036572,-1.3079
-1.8591,0.8941,0.97765,-1.0366,-1.1052,0.66365,0.10479
-0.15456,1.3949,0.42593,-1.9344,0.15105,0.69512,0.11974
0.17109,1.6701,0.019355,-1.2387,0.93948,1.1958,0.34553
0.093628,0.47214,-0.94521,0.24136,1.193,0.36785,0.93337
0.89514,-0.97513,-0.83671,0.43692,1.3848,-0.30284,0.8915
0.88888,-2.0353,-0.10333,0.63358,0.099845,-1.2369,0.81929
1.0225,-1.8564,0.89317,0.97803,-1.0352,-1.1088,-0.3217
0.064692,-0.1531,1.3938,0.4261,-1.9324,0.14858,-1.0051
-0.82189,0.1723,1.6689,0.019358,-1.2371,0.93771,-1.3969
-1.4212,0.0949,0.47132,-0.94559,0.242,1.1915,-0.23713
-0.83224,0.89583,-0.97557,-0.83705,0.43744,1.3834,0.80997
0.51844,0.88957,-2.0355,-0.10338,0.63397,0.097331,1.0787
0.96681,1.0231,-1.8566,0.89352,0.97821,-1.0387,1.4645
1.2761,0.065985,-0.15376,1.3943,0.42662,-1.9367,0.49247
0.98362,-0.81995,0.17156,1.6696,0.020144,-1.2408,-0.74521
-0.29411,-1.4188,0.094181,0.4715,-0.94418,0.23962,-1.7254
-1.2936,-0.83029,0.8949,-0.97595,-0.83571,0.43523,-1.6673
-1.8808,0.5194,0.88864,-2.0363,-0.10251,0.63193,-0.041303
-0.57694,0.96744,1.0221,-1.8574,0.89374,0.97648,0.49573
0.5133,1.2765,0.065274,-0.15382,1.3942,0.4244,0.48147
0.52321,0.98425,-0.82043,0.17162,1.6693,0.017558,1.0778
1.038,-0.29256,-1.4191,0.094214,0.472,-0.94763,0.51861
0.72289,-1.2913,-0.83076,0.89525,-0.97453,-0.83906,0.15519
0.097939,-1.8781,0.51857,0.88898,-2.0342,-0.10521,-0.80335
-0.67416,-0.57518,0.96649,1.0225,-1.8554,0.89194,-0.98264
-1.2241,0.51426,1.2755,0.065296,-0.15292,1.3929,-0.30642
-0.42502,0.52417,0.98329,-0.82076,0.17231,1.6682,0.75719
0.68056,1.0385,-0.29317,-1.4197,0.094952,0.46982,1.2714
1.138,0.7237,-1.2916,-0.83109,0.89547,-0.97801,1.6721
1.5729,0.099207,-1.8783,0.51877,0.88921,-2.0386,0.7723
0.87307,-0.67233,-0.57572,0.96686,1.0227,-1.8597,-0.70089
-0.54471,-1.2218,0.51343,1.276,0.066052,-0.15566,-1.8523
-1.684,-0.42337,0.52334,0.98367,-0.81943,0.16986,-2.0782
-2.0608,0.6814,1.0376,-0.29329,-1.418,0.092433,-0.392
-0.46944,1.1385,0.72282,-1.2922,-0.82976,0.89367,0.22277
0.3213,1.5731,0.098488,-1.879,0.51923,0.8874,0.060559
0.18371,0.87377,-0.67284,-0.57595,0.96704,1.021,0.81871
0.86038,-0.54298,-1.2222,0.51363,1.276,0.063508,0.86729
0.79829,-1.6814,-0.42395,0.52354,0.98384,-0.82277,0.97338
0.71832,-2.058,0.68052,1.038,-0.29231,-1.4218,0.2414
0.014093,-0.46775,1.1375,0.7231,-1.2905,-0.83311,-0.71817
-0.81624,0.32241,1.572,0.098522,-1.877,0.51709,-1.2815
-1.0261,0.18492,0.87284,-0.67311,-0.57479,0.96531,-0.98152
-0.44717,0.86109,-0.54352,-1.2227,0.5141,1.2745,0.41566
0.73942,0.79905,-1.6817,-0.42412,0.524,0.98212,1.0076
1.292,0.71913,-2.0581,0.68079,1.0381,-0.29517,1.2748
1.653,0.015422,-0.46832,1.138,0.72343,-1.2943,1.1456
0.79802,-0.8143,0.32163,1.5726,0.099257,-1.8813,-0.19853
-0.7105,-1.024,0.18418,0.87318,-0.67188,-0.5779,-1.2702
-1.841,-0.44551,0.86016,-0.54374,-1.2211,0.51195,-1.9732
-2.0941,0.74022,0.79815,-1.6823,-0.42305,0.52187,-0.80882
-0.40774,1.2924,0.71825,-2.0589,0.68115,1.0364,0.39786
0.22248,1.6531,0.014725,-0.46851,1.138,0.72148,0.4192
0.058216,0.79878,-0.81478,0.32175,1.5724,0.096742,0.85497
0.81201,-0.70865,-1.0244,0.18424,0.87342,-0.67509,0.83916
0.871,-1.8384,-0.44608,0.8605,-0.5426,-1.2248,0.33391
0.9736,-2.0913,0.73933,0.79845,-1.6805,-0.42603,-0.27148
0.25531,-0.4061,1.2913,0.71853,-2.0568,0.67916,-1.066
-0.71529,0.22366,1.652,0.014726,-0.46741,1.1364,-0.69339
-1.2806,0.059513,0.79787,-0.8151,0.32235,1.5712,0.24873
-1.0001,0.81276,-0.70915,-1.0248,0.18492,0.8716,1.0433
0.40286,0.8717,-1.8386,-0.44626,0.86075,-0.54569,1.512
1.003,0.97423,-2.0914,0.73962,0.79874,-1.6846,1.4603
1.2663,0.25646,-0.40669,1.2918,0.71887,-2.0613,0.018461
1.1582,-0.71343,0.2229,1.6527,0.015515,-0.47043,-1.3232
-0.1828,-1.2783,0.058804,0.79818,-0.81378,0.32003,-2.1885
-1.2562,-0.99802,0.81185,-0.70943,-1.0234,0.18249,-1.3138
-1.9718,0.40391,0.87078,-1.8393,-0.44518,0.85891,0.10124
-0.83062,1.0036,0.97327,-2.0922,0.73994,0.79685,0.11627
0.39416,1.2667,0.2557,-0.40685,1.2918,0.71691,0.33935
0.42489,1.1587,-0.71393,0.22299,1.6524,0.012926,0.93314
0.84891,-0.18133,-1.2786,0.058823,0.79847,-0.81711,0.89702
0.84691,-1.254,-0.99844,0.81217,-0.70818,-1.0269,0.83112
0.32945,-1.969,0.4031,0.87112,-1.8373,-0.44818,-0.31135
-0.27011,-0.82867,1.0027,0.97365,-2.0901,0.738,-1.005
-1.0727,0.39521,1.2657,0.25579,-0.40579,1.2903,-1.4101
-0.69645,0.42591,1.1577,-0.71422,0.22364,1.6513,-0.25918
0.24992,0.84963,-0.18197,-1.2791,0.059583,0.79658,0.79844
1.043,0.84763,-1.2543,-0.99884,0.81244,-0.71142,1.0652
1.5101,0.33055,-1.9692,0.40326,0.87136,-1.8416,1.4572
1.4576,-0.26857,-0.82915,1.0031,0.97383,-2.0946,0.51163
0.015347,-1.0706,0.39441,1.2662,0.25643,-0.40876,-0.72064
-1.3243,-0.6946,0.42511,1.1582,-0.71296,0.22124,-1.7013
-2.1889,0.25108,0.84871,-0.18205,-1.2775,0.057033,-1.6752
-1.3097,1.0436,0.84672,-1.2548,-0.9974,0.81057,-0.054182
0.10434,1.5103,0.32977,-1.97,0.4038,0.86953,0.50925
0.11929,1.4579,-0.26919,-0.82948,1.0032,0.9721,0.49225
0.3453,0.016675,-1.071,0.39456,1.2661,0.25405,1.0867
0.93369,-1.322,-0.69511,0.42527,1.1582,-0.71621,0.51172
0.89181,-2.186,0.25032,0.84904,-0.18113,-1.2813,0.12551
0.81951,-1.3074,1.0426,0.84704,-1.2532,-1.0009,-0.82688
-0.32256,0.1056,1.5092,0.32989,-1.9679,0.40156,-0.99529
-1.0066,0.12055,1.4568,-0.2693,-0.82815,1.0015,-0.26985
-1.3988,0.34639,0.015978,-1.0714,0.39511,1.2647,0.78298
-0.23792,0.93435,-1.3223,-0.69539,0.4258,1.1567,1.2736
0.81019,0.8925,-2.1861,0.25041,0.8493,-0.1839,1.6631
1.0792,0.82025,-1.3078,1.043,0.8473,-1.2569,0.71338
1.4654,-0.32099,0.10488,1.5098,0.33048,-1.9723,-0.74145
0.4924,-1.0045,0.11982,1.4574,-0.26833,-0.83149,-1.8732
-0.74648,-1.3964,0.3456,0.01598,-1.0699,0.39286,-2.032
-1.7276,-0.2364,0.93341,-1.3228,-0.69414,0.42357,-0.33367
-1.6694,0.81094,0.89157,-2.187,0.25105,0.84745,0.23311
-0.041899,1.0797,0.81934,-1.3083,1.0432,0.84545,0.084324
0.49564,1.4656,-0.3216,0.10492,1.5096,0.32817,0.85184
0.48137,0.49338,-1.0049,0.11987,1.4572,-0.27118,0.85206
1.0783,-0.7446,-1.3968,0.34573,0.016768,-1.0735,0.9429
0.51857,-1.725,-0.23703,0.93377,-1.3212,-0.69737,0.15472
0.15478,-1.6669,0.81003,0.89191,-2.1848,0.24867,-0.75556
-0.80467,-0.040529,1.0788,0.81966,-1.3066,1.0415,-1.2713
-0.98413,0.49662,1.4646,-0.32173,0.10565,1.5084,-0.85126
-0.30726,0.48236,0.49255,-1.0053,0.12059,1.4559,0.50373
0.75734,1.0788,-0.74509,-1.3973,0.34631,0.014179,1.0546
1.2721,0.51953,-1.7252,-0.23713,0.93397,-1.325,1.3584
1.6731,0.15601,-1.6671,0.81034,0.89214,-2.1893,1.0605
0.77248,-0.80275,-0.041211,1.0792,0.81993,-1.3104,-0.31965
-0.70212,-0.98208,0.4958,1.4651,-0.32072,0.10314,-1.4014
-1.8547,-0.3057,0.48154,0.49274,-1.0039,0.11809,-2.0098
-2.0807,0.75813,1.0778,-0.74539,-1.3956,0.34402,-0.67853
-0.39292,1.2725,0.5187,-1.7259,-0.23618,0.9322,0.3968
0.22243,1.6732,0.15528,-1.6678,0.81062,0.89033,0.35189
0.060064,0.77326,-0.80322,-0.041231,1.0793,0.81806,0.87282
0.81894,-0.70027,-0.98251,0.49599,1.465,-0.32361,0.80118
0.86757,-1.852,-0.30631,0.48172,0.49322,-1.0074,0.42158
0.97377,-2.0779,0.75723,1.0783,-0.74411,-1.3995,-0.21456
0.24108,-0.3913,1.2715,0.5189,-1.724,-0.239,-0.9899
-0.71941,0.2236,1.6721,0.15533,-1.6659,0.80874,-0.74385
-1.2833,0.06136,0.77236,-0.80355,-0.040407,1.0777,0.11481
-0.98301,0.81968,-0.70077,-0.9829,0.49647,1.4637,1.0017
0.41553,0.86827,-1.8522,-0.30644,0.48221,0.49106,1.4971
1.008,0.9744,-2.078,0.75752,1.0784,-0.74738,1.5839
1.2755,0.24224,-0.39188,1.272,0.51936,-1.7281,0.19301
1.1461,-0.71754,0.22285,1.6727,0.15603,-1.67,-1.2155
-0.19927,-1.281,0.060651,0.77266,-0.80223,-0.043046,-2.1668
-1.272,-0.98096,0.81877,-0.70105,-0.98147,0.49431,-1.5619
-1.9756,0.41656,0.86735,-1.8529,-0.30544,0.48004,-0.00067563
-0.81015,1.0086,0.97344,-2.0788,0.75784,1.0767,0.10696
0.39769,1.2759,0.24148,-0.39204,1.272,0.51723,0.18914
0.41906,1.1466,-0.71805,0.22293,1.6725,0.15357,0.92299
0.85525,-0.19778,-1.2814,0.06067,0.77296,-0.80555,0.93394
0.83939,-1.2697,-0.98139,0.81908,-0.69981,-0.98495,1.0111
0.33368,-1.9729,0.41576,0.86768,-1.8509,-0.30832,-0.095582
-0.27229,-0.80822,1.0076,0.97382,-2.0767,0.75591,-0.9327
-1.0676,0.39874,1.2749,0.24157,-0.39099,1.2705,-1.5215
-0.69461,0.42009,1.1456,-0.71833,0.22359,1.6714,-0.64978
0.24841,0.85596,-0.19842,-1.2819,0.061429,0.77105,0.60677
1.0437,0.84012,-1.2701,-0.98178,0.81936,-0.70304,0.92277
1.5129,0.33477,-1.973,0.41592,0.86793,-1.8552,1.2966
1.4612,-0.27075,-0.8087,1.008,0.974,-2.0811,0.82013
0.017924,-1.0655,0.39794,1.2754,0.24222,-0.39395,-0.37096
-1.325,-0.69277,0.41929,1.1461,-0.71708,0.22119,-1.3287
-2.1911,0.24957,0.85504,-0.19851,-1.2802,0.058881,-1.7662
-1.3156,1.0443,0.8392,-1.2706,-0.98035,0.81749,-0.36403
0.10078,1.5132,0.33399,-1.9738,0.41645,0.8661,0.60875
0.11582,1.4614,-0.27137,-0.80902,1.0081,0.97226,0.62112
0.33913,0.019251,-1.0659,0.39809,1.2754,0.23983,1.1665
0.93347,-1.3227,-0.69327,0.41945,1.1461,-0.72032,0.58592
0.8973,-2.1882,0.24881,0.85538,-0.19758,-1.284,-0.12086
0.83138,-1.3133,1.0433,0.83953,-1.2689,-0.98383,-0.99591
-0.3122,0.10204,1.5121,0.33412,-1.9717,0.41422,-1.2759
-1.0065,0.11708,1.4604,-0.27149,-0.80771,1.0064,-0.15764
-1.412,0.34022,0.018553,-1.0663,0.39864,1.2739,0.85484
-0.25998,0.93413,-1.323,-0.69355,0.41998,1.1445,1.1204
0.79864,0.89798,-2.1883,0.24891,0.85563,-0.20036,1.5106
1.0657,0.83211,-1.3136,1.0438,0.83979,-1.2727,0.44194
1.458,-0.31063,0.10132,1.5127,0.3347,-1.9761,-0.79875
0.51158,-1.0044,0.11636,1.4609,-0.27051,-0.81103,-1.809
-0.72188,-1.4096,0.33944,0.018556,-1.0649,0.39639,-1.6656
-1.7035,-0.25845,0.93319,-1.3235,-0.69231,0.41775,-0.024882
-1.6774,0.7994,0.89705,-2.1892,0.24954,0.85379,0.43669
-0.054789,1.0662,0.83119,-1.3141,1.0439,0.83794,0.42079
0.50916,1.4583,-0.31124,0.10136,1.5125,0.3324,1.041
0.49217,0.51255,-1.0048,0.1164,1.4608,-0.27336,0.56688
1.0872,-0.72001,-1.4099,0.33957,0.019342,-1.0684,0.30575
0.51167,-1.7009,-0.25908,0.93355,-1.3219,-0.69553,-0.66994
0.12508,-1.6748,0.79849,0.8974,-2.187,0.24716,-0.94012
-0.82823,-0.053409,1.0653,0.83152,-1.3125,1.0422,-0.5097
-0.99679,0.51013,1.4572,-0.31137,0.10209,1.5112,0.58932
-0.27067,0.49315,0.51172,-1.0052,0.11712,1.4595,1.2278
0.78319,1.0878,-0.72051,-1.4105,0.34015,0.016756,1.6721
1.2742,0.51263,-1.7012,-0.25918,0.93375,-1.3257,1.0922
1.6641,0.12632,-1.6751,0.7988,0.89762,-2.1915,-0.44536
0.71349,-0.82628,-0.054088,1.0657,0.83178,-1.3163,-1.698
-0.74271,-0.99473,0.5093,1.4578,-0.31037,0.099581,-2.2419
-1.8756,-0.26913,0.49233,0.51192,-1.0038,0.11462,-0.74458
-2.0345,0.78396,1.0868,-0.7208,-1.4088,0.33785,0.1717
-0.33454,1.2747,0.51181,-1.7018,-0.25822,0.93199,-0.0030031
0.23278,1.6642,0.1256,-1.6758,0.79909,0.89582,0.60173
0.083852,0.71431,-0.82676,-0.054114,1.0658,0.82992,0.91495
0.85209,-0.74083,-0.99515,0.50949,1.4577,-0.31325,1.0451
0.85233,-1.8729,-0.26975,0.49252,0.51239,-1.0073,0.64837
0.94324,-2.0317,0.78305,1.0872,-0.71954,-1.4127,-0.49426
0.15432,-0.33296,1.2736,0.512,-1.6999,-0.26105,-1.2289
-0.75684,0.23395,1.6631,0.12564,-1.6739,0.7972,-1.4545
-1.2731,0.085131,0.71343,-0.82708,-0.053281,1.0641,-0.039391
-0.85263,0.85281,-0.74132,-0.99555,0.50997,1.4564,0.81527
0.50365,0.85305,-1.8731,-0.26986,0.493,0.51024,0.95664
1.0551,0.94389,-2.0318,0.78336,1.0873,-0.72279,1.3476
1.3592,0.15554,-0.33356,1.2741,0.51247,-1.7041,0.30823
1.061,-0.75495,0.23319,1.6638,0.12636,-1.678,-0.71212
-0.32051,-1.2708,0.084415,0.7137,-0.82576,-0.055932,-1.641
-1.4033,-0.85067,0.85188,-0.74162,-0.99411,0.50782,-1.3377
-2.0123,0.50462,0.85213,-1.8738,-0.26889,0.49084,0.19008
-0.67974,1.0557,0.94295,-2.0326,0.78365,1.0857,0.67955
0.39662,1.3595,0.15481,-0.3337,1.2741,0.51033,0.79822
0.35166,1.0615,-0.75544,0.23328,1.6635,0.12387,1.1289
0.87311,-0.31894,-1.2712,0.084444,0.71404,-0.8291,0.20946
0.80141,-1.4009,-0.85113,0.85222,-0.74034,-0.99761,-0.46903
0.42144,-2.0094,0.50379,0.85246,-1.8718,-0.27173,-1.3723
-0.21532,-0.6779,1.0547,0.94332,-2.0305,0.78175,-0.90995
-0.9914,0.39767,1.3585,0.15487,-0.33269,1.2726,0.37834
-0.74512,0.35274,1.0605,-0.75574,0.23393,1.6624,0.96711
0.11436,0.87381,-0.31955,-1.2717,0.085188,0.71208,1.2749
1.0021,0.80216,-1.4012,-0.85147,0.85247,-0.74361,1.195
1.498,0.42247,-2.0096,0.50399,0.85271,-1.8761,-0.13932
1.5849,-0.21383,-0.67841,1.0551,0.94351,-2.035,-1.2171
0.19264,-0.98934,0.39687,1.359,0.15556,-0.33559,-1.9708
-1.2172,-0.74323,0.35196,1.061,-0.75446,0.23154,-0.87797
-2.1694,0.11562,0.87289,-0.31968,-1.27,0.082661,0.38634
-1.564,1.0027,0.80126,-1.4018,-0.85013,0.85063,0.43108
-0.0012339,1.4983,0.42166,-2.0104,0.50446,0.85087,0.82799
0.10651,1.5851,-0.21446,-0.67869,1.0552,0.94175,0.8601
0.18877,0.19384,-0.98977,0.39702,1.3589,0.1531,0.32685
0.92332,-1.215,-0.74373,0.35209,1.0611,-0.75774,-0.24952
0.93426,-2.1665,0.11489,0.87323,-0.31867,-1.2738,-1.0689
1.0116,-1.5615,1.0017,0.80157,-1.4001,-0.85349,-0.69718
-0.096226,0.0001067,1.4972,0.42182,-2.0083,0.50231,0.23891
-0.93415,0.10777,1.5839,-0.21455,-0.67745,1.0536,1.0395
-1.5235,0.18997,0.1931,-0.99016,0.39756,1.3575,1.5058
-0.65095,0.92399,-1.2153,-0.74403,0.35266,1.0594,1.4653
0.60679,0.93492,-2.1666,0.11494,0.87347,-0.32156,0.028138
0.92308,1.0122,-1.5618,1.0021,0.80185,-1.404,-1.313
1.2973,-0.094816,-0.00058614,1.4977,0.42235,-2.0127,-2.1833
0.82037,-0.93213,0.10705,1.5846,-0.21362,-0.68066,-1.3246
-0.37187,-1.521,0.18922,0.19317,-0.98873,0.39532,0.09961
-1.3305,-0.64914,0.92305,-1.2158,-0.74275,0.35038,0.12171
-1.7684,0.60769,0.93398,-2.1675,0.11566,0.87164,0.33705
-0.36494,0.92374,1.0112,-1.5624,1.0023,0.79997,0.9339
0.60877,1.2977,-0.095484,-0.00059084,1.4976,0.42013,0.89061
0.62116,0.82111,-0.93257,0.10709,1.5843,-0.21641,0.82688
1.167,-0.37026,-1.5213,0.18929,0.19384,-0.99222,-0.31272
0.58591,-1.3282,-0.64966,0.92341,-1.2142,-0.74602,-1.0003
-0.12153,-1.7658,0.60683,0.93434,-2.1653,0.11316,-1.3995
-0.99742,-0.36333,0.9228,1.0116,-1.5606,1.0006,-0.25155
-1.2777,0.60966,1.2967,-0.095526,0.00020787,1.4963,0.80401
-0.15835,0.62205,0.8202,-0.93294,0.10782,1.5832,1.076
0.8551,1.1675,-0.37085,-1.5219,0.18997,0.19141,1.4639
1.1209,0.58682,-1.3285,-0.64992,0.92362,-1.2179,0.50598
1.5116,-0.1201,-1.766,0.60707,0.93454,-2.1698,-0.73438
0.44179,-0.99535,-0.36393,0.92316,1.0118,-1.5646,-1.7165
-0.80006,-1.2754,0.60881,1.2972,-0.094666,-0.0023955,-1.6786
-1.8113,-0.15689,0.62119,0.82052,-0.93154,0.10531,-0.052887
-1.6678,0.85582,1.1665,-0.371,-1.5202,0.18754,0.49732
-0.025462,1.1214,0.58597,-1.3291,-0.6487,0.92184,0.47886
0.43654,1.5118,-0.12076,-1.7667,0.60747,0.93277,1.0792
0.42062,0.4428,-0.99578,-0.36408,0.92337,1.0101,0.52245
1.0414,-0.79814,-1.2758,0.60904,1.2971,-0.097354,0.15688
0.56689,-1.8086,-0.15754,0.62143,0.82079,-0.93498,-0.79818
0.30548,-1.6652,0.85489,1.167,-0.36996,-1.5241,-0.98755
-0.67113,-0.024103,1.1204,0.5862,-1.3274,-0.65189,-0.31074
-0.94157,0.43756,1.5107,-0.12081,-1.7648,0.60542,0.75339
-0.51075,0.42166,0.44199,-0.99618,-0.36304,0.92159,1.2678
0.58934,1.042,-0.79862,-1.2763,0.60945,1.2957,1.6707
1.2284,0.56781,-1.8088,-0.15761,0.62183,0.81892,0.77945
1.6731,0.3066,-1.6655,0.85523,1.167,-0.3729,-0.69374
1.0927,-0.6693,-0.02479,1.1208,0.58662,-1.3312,-1.8469
-0.44634,-0.93955,0.43675,1.5113,-0.11994,-1.7689,-2.0816
-1.7001,-0.50904,0.42085,0.44216,-0.99474,-0.36597,-0.39848
-2.2446,0.59025,1.041,-0.79894,-1.2746,0.60739,0.22418
-0.74585,1.2288,0.56697,-1.8095,-0.15671,0.61978,0.061314
0.17131,1.6732,0.30582,-1.6661,0.85548,1.1655,0.81664
-0.0035591,1.0933,-0.66982,-0.024804,1.1209,0.58455,0.86672
0.60176,-0.44468,-0.93999,0.43691,1.5111,-0.12265,0.97033
0.91525,-1.6976,-0.50959,0.42101,0.44268,-0.99823,0.24391
1.0456,-2.2416,0.5894,1.0414,-0.79763,-1.2784,-0.7166
0.64841,-0.74397,1.2278,0.56719,-1.8076,-0.15945,-1.277
-0.49529,0.17252,1.6721,0.30594,-1.6642,0.85364,-0.98118
-1.2306,-0.0022168,1.0923,-0.67009,-0.02399,1.1193,0.4154
-1.4564,0.60266,-0.44525,-0.94036,0.43743,1.5099,1.01
-0.039983,0.91592,-1.6978,-0.5098,0.42154,0.44047,1.2779
0.81548,1.0462,-2.2417,0.58963,1.0415,-0.80095,1.1477
0.95701,0.64928,-0.74446,1.2283,0.56762,-1.8118,-0.19923
1.3483,-0.49359,0.17178,1.6727,0.30654,-1.6683,-1.2739
0.30797,-1.2284,-0.002909,1.0927,-0.66886,-0.026615,-1.9771
-0.71336,-1.454,0.6018,-0.44543,-0.93896,0.43522,-0.81178
-1.6432,-0.038614,0.91499,-1.6985,-0.50867,0.41932,0.39446
-1.3395,0.81622,1.0452,-2.2426,0.59005,1.0399,0.41399
0.18971,0.95765,0.64841,-0.74476,1.2283,0.56553,0.84958
0.67965,1.3487,-0.49415,0.17184,1.6725,0.30421,0.84066
0.79845,0.30909,-1.2287,-0.0029146,1.0928,-0.67206,0.34337
1.1294,-0.7115,-1.4543,0.60204,-0.44435,-0.94241,-0.25698
0.20911,-1.6406,-0.039297,0.91534,-1.6966,-0.51173,-1.0574
-0.47003,-1.3372,0.81531,1.0456,-2.2404,0.58797,-0.7016
-1.3742,0.19091,0.95671,0.64867,-0.74348,1.2268,0.22775
-0.91138,0.68049,1.3476,-0.49435,0.17253,1.6714,1.0365
0.37815,0.79921,0.30831,-1.2292,-0.0021144,1.0912,1.5081
0.96747,1.1299,-0.712,-1.4549,0.60245,-0.44735,1.4803
1.2756,0.21029,-1.6409,-0.039317,0.91555,-1.7007,0.045508
1.1956,-0.46835,-1.3375,0.81562,1.0457,-2.245,-1.3052
-0.14,-1.3719,0.19017,0.95708,0.64905,-0.74675,-2.1849
-1.2188,-0.90937,0.67962,1.3482,-0.49323,0.17008,-1.3522
-1.9732,0.37921,0.7983,0.30843,-1.2276,-0.0047198,0.087535
-0.87936,0.9681,1.129,-0.71228,-1.4531,0.60038,0.11659
0.38614,1.276,0.20955,-1.6415,-0.038493,0.91377,0.31687
0.43093,1.1961,-0.46892,-1.3381,0.8159,1.0441,0.93363
0.82823,-0.13856,-1.3722,0.19024,0.95726,0.64703,0.90064
0.86035,-1.2166,-0.90982,0.67988,1.3481,-0.49628,0.85727
0.32661,-1.9704,0.37841,0.79861,0.30903,-1.2313,-0.28323
-0.25031,-0.87738,0.96715,1.1294,-0.71103,-1.4571,-0.99528
-1.0705,0.3872,1.275,0.20962,-1.6397,-0.041131,-1.4271
-0.69841,0.43196,1.195,-0.4691,-1.3364,0.81403,-0.30962
0.23858,0.82896,-0.13922,-1.3727,0.19091,0.95552,0.77508
1.0399,0.86106,-1.2169,-0.91018,0.68025,1.3467,1.0469
1.5067,0.32771,-1.9706,0.37856,0.7989,0.3067,1.4462
1.4661,-0.24879,-0.87784,0.96752,1.1295,-0.71427,0.55633
0.027607,-1.0683,0.38641,1.2755,0.21029,-1.6437,-0.67531
-1.3148,-0.69656,0.43115,1.1955,-0.46801,-1.3402,-1.659
-2.186,0.23975,0.82805,-0.13928,-1.3711,0.18848,-1.7023
-1.3264,1.0405,0.86013,-1.2174,-0.9088,0.67825,-0.091028
0.099153,1.5069,0.32693,-1.9714,0.37911,0.79701,0.52493
0.12127,1.4664,-0.24942,-0.87819,0.9677,1.1279,0.49962
0.33682,0.028926,-1.0687,0.38655,1.2754,0.20787,1.098
0.93424,-1.3125,-0.69706,0.43132,1.1955,-0.47103,0.51455
0.89093,-2.183,0.23899,0.82837,-0.13839,-1.3749,0.098908
0.82711,-1.3241,1.0396,0.86047,-1.2159,-0.91222,-0.84079
-0.31357,0.10042,1.5058,0.32705,-1.9693,0.37685,-1.0204
-1.0019,0.12252,1.4653,-0.24952,-0.87683,0.96596,-0.24543
-1.4014,0.33792,0.028226,-1.0692,0.3871,1.274,0.7995
-0.25235,0.9349,-1.3129,-0.69734,0.43184,1.194,1.2661
0.80424,0.89162,-2.1831,0.23908,0.82864,-0.14112,1.6499
1.0764,0.82785,-1.3245,1.04,0.86072,-1.2195,0.67107
1.4647,-0.312,0.099701,1.5064,0.32764,-1.9737,-0.76423
0.50592,-0.99978,0.1218,1.4659,-0.24856,-0.88022,-1.8802
-0.73564,-1.399,0.33713,0.028232,-1.0677,0.38485,-1.9914
-1.7187,-0.25083,0.93395,-1.3134,-0.6961,0.42962,-0.2906
-1.6808,0.80499,0.89069,-2.184,0.23972,0.82678,0.24775
-0.053495,1.077,0.82693,-1.325,1.0401,0.85888,0.11223
0.49726,1.465,-0.31261,0.099735,1.5063,0.32533,0.87882
0.47878,0.50689,-1.0002,0.12184,1.4657,-0.25139,0.83285
1.0797,-0.73376,-1.3994,0.33726,0.029012,-1.0712,0.90011
0.52242,-1.7161,-0.25145,0.93432,-1.3118,-0.69932,0.071101
0.15647,-1.6782,0.80409,0.89103,-2.1818,0.23734,-0.78741
-0.7995,-0.052116,1.076,0.82726,-1.3234,1.0384,-1.2423
-0.98905,0.49824,1.4639,-0.31274,0.10047,1.505,-0.70958
-0.31159,0.47977,0.50606,-1.0006,0.12256,1.4644,0.59148
0.75357,1.0802,-0.73426,-1.3999,0.33784,0.026435,1.1121
1.2685,0.52337,-1.7163,-0.25156,0.93452,-1.3155,1.4484
1.6717,0.1577,-1.6784,0.8044,0.89126,-2.1864,0.9619
0.77964,-0.79758,-0.052795,1.0764,0.82752,-1.3271,-0.45132
-0.69496,-0.98698,0.49742,1.4645,-0.31174,0.097956,-1.5427
-1.8492,-0.31003,0.47895,0.50625,-0.99917,0.12007,-2.0336
-2.0842,0.75436,1.0792,-0.73455,-1.3982,0.33554,-0.5509
-0.39942,1.2689,0.52254,-1.717,-0.2506,0.93275,0.37344
0.22384,1.6718,0.15696,-1.6791,0.80468,0.88945,0.27617
0.060817,0.78041,-0.79806,-0.052821,1.0765,0.82566,0.88143
0.81686,-0.69311,-0.98741,0.49761,1.4643,-0.31462,0.78307
0.86698,-1.8466,-0.31064,0.47913,0.50673,-1.0027,0.54511
0.97071,-2.0813,0.75347,1.0796,-0.73328,-1.4021,-0.1336
0.24359,-0.39779,1.2679,0.52274,-1.7151,-0.25343,-0.90979
-0.71784,0.22502,1.6707,0.15702,-1.6772,0.8028,-0.85254
-1.2787,0.062112,0.77951,-0.79838,-0.051988,1.0749,-0.095935
-0.98267,0.8176,-0.69362,-0.98781,0.49809,1.4631,0.91464
0.41523,0.86769,-1.8468,-0.31076,0.47962,0.50458,1.435
1.0104,0.97134,-2.0814,0.75376,1.0798,-0.73654,1.6856
1.2786,0.24475,-0.39838,1.2684,0.52321,-1.7192,0.44508
1.1483,-0.71598,0.22426,1.6713,0.15772,-1.6813,-1.029
-0.19998,-1.2765,0.061403,0.77981,-0.79707,-0.054638,-2.0757
-1.2757,-0.98061,0.81669,-0.6939,-0.98638,0.49593,-1.8514
-1.9796,0.41627,0.86676,-1.8475,-0.30976,0.47745,-0.1507
-0.81311,1.011,0.97039,-2.0823,0.75407,1.0781,0.13468
0.39429,1.279,0.244,-0.39854,1.2684,0.52107,0.063624
0.41381,1.1488,-0.71648,0.22435,1.6711,0.15526,0.88258
0.84986,-0.19849,-1.2768,0.061423,0.78011,-0.80038,0.92714
0.8409,-1.2734,-0.98105,0.81701,-0.69266,-0.98986,1.0964
0.34314,-1.9768,0.41546,0.8671,-1.8455,-0.31265,0.12931
-0.25778,-0.81118,1.0101,0.97077,-2.0801,0.75215,-0.8136
-1.059,0.39534,1.2779,0.24409,-0.39748,1.2669,-1.4943
-0.70282,0.41485,1.1478,-0.71677,0.225,1.67,-0.97964
0.22741,0.85058,-0.19913,-1.2773,0.062182,0.7782,0.42737
1.037,0.84163,-1.2737,-0.98144,0.81728,-0.69588,0.87388
1.509,0.34422,-1.977,0.41562,0.86734,-1.8498,1.1366
1.4812,-0.25625,-0.81165,1.0105,0.97094,-2.0846,1.0454
0.044996,-1.0569,0.39454,1.2784,0.24473,-0.40044,-0.13646
-1.307,-0.70097,0.41404,1.1482,-0.71551,0.2226,-1.0643
-2.1876,0.22858,0.84966,-0.19922,-1.2757,0.059634,-1.7651
-1.354,1.0375,0.84071,-1.2742,-0.98001,0.81541,-0.68369
0.087066,1.5092,0.34344,-1.9777,0.41615,0.86551,0.55103
0.11615,1.4814,-0.25688,-0.81198,1.0106,0.96921,0.68273
0.31664,0.046303,-1.0573,0.39469,1.2784,0.24234,1.1115
0.93396,-1.3047,-0.70148,0.4142,1.1483,-0.71875,0.78175
0.90095,-2.1847,0.22783,0.84999,-0.19829,-1.2794,-0.1062
0.85753,-1.3517,1.0366,0.84104,-1.2726,-0.98349,-0.92735
-0.28406,0.088342,1.5081,0.34357,-1.9757,0.41392,-1.4615
-0.99678,0.1174,1.4803,-0.25698,-0.81066,1.0089,-0.37023
-1.4291,0.31774,0.045597,-1.0577,0.39524,1.277,0.75339
-0.31048,0.93461,-1.305,-0.70176,0.41473,1.1467,0.98844
0.77528,0.90163,-2.1848,0.22791,0.85024,-0.20107,1.4339
1.0473,0.85824,-1.352,1.037,0.8413,-1.2764,0.62094
1.447,-0.28251,0.087626,1.5087,0.34415,-1.9801,-0.57675
0.55631,-0.99471,0.11668,1.4809,-0.25602,-0.81399,-1.5812
-0.67651,-1.4267,0.31697,0.045611,-1.0562,0.39299,-1.735
-1.6611,-0.30891,0.93367,-1.3055,-0.70051,0.4125,-0.15471
-1.7045,0.77605,0.9007,-2.1856,0.22856,0.8484,0.55575
-0.091672,1.0479,0.85732,-1.3526,1.0371,0.83944,0.52162
0.52487,1.4473,-0.28313,0.087656,1.5085,0.34185,1.1181
0.49955,0.55724,-0.99514,0.11672,1.4808,-0.25885,0.51477
1.0985,-0.67468,-1.427,0.31709,0.04638,-1.0598,0.038764
0.5145,-1.6585,-0.30952,0.93404,-1.3039,-0.70374,-0.87909
0.098448,-1.7019,0.77515,0.90105,-2.1834,0.22616,-1.0658
-0.84215,-0.090265,1.0469,0.85765,-1.3509,1.0354,-0.18948
-1.0219,0.52582,1.4462,-0.28325,0.088398,1.5073,0.83691
-0.24622,0.50052,0.5564,-0.99554,0.11744,1.4795,1.2526
0.79973,1.099,-0.67519,-1.4276,0.31768,0.043818,1.6199
1.2667,0.51546,-1.6588,-0.30965,0.93424,-1.3077,0.57302
1.6509,0.099715,-1.7021,0.77545,0.90127,-2.188,-0.8187
0.67118,-0.84019,-0.090934,1.0473,0.8579,-1.3547,-1.8986
-0.76551,-1.0198,0.52499,1.4468,-0.28227,0.085874,-1.892
-1.8826,-0.2447,0.4997,0.55661,-0.9941,0.11495,-0.19441
-1.9939,0.80049,1.098,-0.67546,-1.4258,0.31536,0.27742
-0.29143,1.2671,0.51463,-1.6595,-0.30865,0.93247,0.17725
0.24744,1.651,0.098996,-1.7028,0.77575,0.89947,0.92979
0.11178,0.67203,-0.84066,-0.090974,1.0475,0.85606,0.78647
0.87911,-0.76362,-1.0202,0.52519,1.4467,-0.28512,0.79959
0.8331,-1.8799,-0.24533,0.49989,0.55706,-0.9976,-0.11017
0.90039,-1.9911,0.79958,1.0985,-0.67423,-1.4297,-0.84622
0.070615,-0.28988,1.2661,0.51483,-1.6576,-0.31153,-1.1599
-0.78872,0.24859,1.6499,0.09903,-1.7009,0.77385,-0.39472
-1.244,0.11304,0.67115,-0.841,-0.090118,1.0458,0.76836
-0.71081,0.8798,-0.7641,-1.0206,0.52565,1.4454,1.2393
0.59148,0.83383,-1.8801,-0.24543,0.50037,0.55495,1.5941
1.1126,0.90108,-1.9913,0.79989,1.0985,-0.67744,0.70119
1.4493,0.071903,-0.2905,1.2666,0.5153,-1.6617,-0.74177
0.96224,-0.78681,0.24783,1.6505,0.099765,-1.7051,-1.8178
-0.45231,-1.2418,0.11232,0.67141,-0.83966,-0.092802,-1.9787
-1.5447,-0.70895,0.87888,-0.76441,-1.0192,0.52352,-0.29462
-2.0361,0.59238,0.83292,-1.8808,-0.24448,0.49821,0.29369
-0.55198,1.1131,0.90014,-1.9921,0.80018,1.0969,0.16659
0.37326,1.4495,0.071191,-0.29061,1.2666,0.51316,0.90687
0.27588,0.96288,-0.78729,0.24793,1.6503,0.097251,0.7946
0.8817,-0.45064,-1.2421,0.11236,0.67178,-0.84301,0.78475
0.78327,-1.5422,-0.70945,0.87922,-0.76312,-1.0227,-0.047005
0.54509,-2.0333,0.59153,0.83324,-1.8788,-0.2473,-0.83152
-0.13428,-0.55024,1.1121,0.90049,-1.99,0.79829,-1.1244
-0.91121,0.37433,1.4485,0.071214,-0.28963,1.2651,-0.45237
-0.85391,0.27702,0.96193,-0.7876,0.24857,1.6492,0.73705
-0.096581,0.8824,-0.45121,-1.2426,0.11308,0.66978,1.2427
0.91498,0.78404,-1.5425,-0.70974,0.87945,-0.76641,1.6011
1.4358,0.54603,-2.0334,0.59176,0.8335,-1.8831,0.76978
1.6866,-0.13285,-0.55079,1.1126,0.90071,-1.9944,-0.69542
0.44494,-0.90921,0.37353,1.449,0.071967,-0.29249,-1.7952
-1.0305,-0.85195,0.27625,0.9623,-0.7863,0.24619,-2.0339
-2.0783,-0.095171,0.88147,-0.45139,-1.241,0.11058,-0.36386
-1.8538,0.91565,0.78314,-1.5431,-0.70848,0.87764,0.27873
-0.1514,1.4361,0.5452,-2.0343,0.59218,0.83165,0.13602
0.13425,1.6868,-0.1335,-0.55101,1.1127,0.89892,0.87008
0.063128,0.44596,-0.90966,0.37368,1.4489,0.069428,0.81938
0.88287,-1.0285,-0.85241,0.27636,0.96248,-0.78961,0.83099
0.92745,-2.0754,-0.095839,0.88181,-0.45031,-1.2447,0.059058
1.0969,-1.8511,0.91471,0.78344,-1.5413,-0.71172,-0.79406
0.12887,-0.14995,1.435,0.54541,-2.0322,0.59011,-1.1589
-0.81493,0.1355,1.6856,-0.13356,-0.54986,1.1111,-0.62397
-1.4963,0.064422,0.44515,-0.91002,0.37424,1.4476,0.63989
-0.98113,0.88357,-1.0289,-0.85275,0.27698,0.96074,1.1793
0.42723,0.92811,-2.0756,-0.095881,0.88204,-0.45331,1.5321
0.87415,1.0975,-1.8513,0.91507,0.78374,-1.5453,0.92135
1.1371,0.13012,-0.15061,1.4356,0.54585,-2.0366,-0.53781
1.0458,-0.813,0.13477,1.6863,-0.13268,-0.55295,-1.6564
-0.13714,-1.4939,0.063712,0.44532,-0.90864,0.37197,-2.0784
-1.0659,-0.97907,0.88264,-1.0293,-0.85141,0.27462,-0.51302
-1.7674,0.42826,0.92717,-2.0764,-0.095021,0.88023,0.31218
-0.6849,0.87485,1.0965,-1.852,0.91528,0.78184,0.17855
0.551,1.1376,0.12939,-0.15067,1.4355,0.54374,0.83673
0.68283,1.0464,-0.81347,0.13481,1.686,-0.1354,0.81602
1.112,-0.1357,-1.4942,0.063733,0.44583,-0.91206,0.7314
0.78193,-1.0637,-0.9795,0.88298,-1.0278,-0.85477,0.063456
-0.10686,-1.7648,0.42745,0.92753,-2.0743,-0.09771,-0.8036
-0.92879,-0.68306,0.87393,1.0969,-1.85,0.91349,-1.0396
-1.4635,0.55194,1.1366,0.12944,-0.14978,1.4342,-0.51957
-0.37114,0.68367,1.0454,-0.8138,0.13553,1.6849,0.69576
0.75357,1.1125,-0.13636,-1.4948,0.06449,0.44363,1.2618
0.98881,0.7827,-1.0641,-0.97989,0.88322,-1.0313,1.6283
1.4347,-0.10544,-1.765,0.42762,0.92774,-2.0787,0.86981
0.62097,-0.92678,-0.68357,0.87427,1.097,-1.8543,-0.63679
-0.57786,-1.461,0.5511,1.1371,0.13015,-0.15251,-1.7809
-1.5833,-0.36953,0.6828,1.0458,-0.81248,0.13304,-2.1191
-1.7372,0.75436,1.1115,-0.13642,-1.493,0.061944,-0.4747
-0.15542,0.98943,0.7818,-1.0646,-0.97847,0.8814,0.23659
0.55572,1.435,-0.10611,-1.7657,0.42814,0.92597,0.07138
0.52155,0.62185,-0.92722,-0.68384,0.8745,1.0954,0.79005
